INDEXCODE,SECUCODE,TRADEDATE,NAME,CLOSE,PCTCHANGE,WEIGHT,CONTRIBUTEPT,SHRMARKETVALUE,MV,TOTALTRADABLE,SHARETOTAL
000852.SH,600399.SH,2025/9/23,抚顺特钢,5.27,0.572519083969,0.109,0.044251,103.92967,103.92967,19.721,19.721
000852.SH,600416.SH,2025/9/23,湘电股份,16.41,9.986595174263,0.199,1.409216,217.4991976245,242.1758892144,13.25406445,14.75782384
000852.SH,600422.SH,2025/9/23,昆药集团,14.07,-0.775740479549,0.095,-0.052257,106.5064890099,106.5064890099,7.56975757,7.56975757
000852.SH,600428.SH,2025/9/23,中远海特,6.69,1.363636363636,0.091,0.087993,163.5896055027,183.5682744255,24.45285583,27.43920395
000852.SH,600458.SH,2025/9/23,时代新材,15.17,2.987101154107,0.084,0.177925,122.8389645624,141.26008185,8.09749272,9.311805
000852.SH,000019.SZ,2025/9/23,深粮控股,6.57,-1.05421686747,0.029,-0.021679,27.3454179399,75.7215661878,4.16216407,11.52535254
000852.SH,600508.SH,2025/9/23,上海能源,12.24,0.492610837438,0.043,0.01502,88.4606832,88.4606832,7.22718,7.22718
000852.SH,600509.SH,2025/9/23,天富能源,8.63,-0.918484500574,0.079,-0.051452,118.6104962241,118.6104962241,13.74397407,13.74397407
000852.SH,000810.SZ,2025/9/23,创维数字,14.49,1.328671328671,0.089,0.083852,160.9278490575,165.4171993971,11.10613175,11.41595579
000852.SH,000811.SZ,2025/9/23,冰轮环境,14.31,4.148471615721,0.116,0.341235,140.01651883530002,142.0465185495,9.78452263,9.92638145
000852.SH,000813.SZ,2025/9/23,德展健康,4.16,-5.022831050228,0.051000000000000004,-0.181646,87.225238464,87.239590464,20.9676054,20.9710554
000852.SH,600810.SH,2025/9/23,神马股份,10.36,-0.480307396734,0.051000000000000004,-0.01737,104.14722410959999,105.1651977096,10.05282086,10.15108086
000852.SH,600812.SH,2025/9/23,华北制药,5.75,-2.210884353741,0.068,-0.106606,98.654496275,98.654496275,17.1573037,17.1573037
000852.SH,000028.SZ,2025/9/23,国药一致,25.29,-0.823529411765,0.062,-0.036206,120.89978376479999,140.7553079733,4.78053712,5.56565077
000852.SH,000029.SZ,2025/9/23,深深房A,28.54,1.565836298932,0.096,0.106592,254.479764,288.727764,8.9166,10.1166
000852.SH,000030.SZ,2025/9/23,富奥股份,5.54,-0.18018018018,0.037,-0.004727,92.568217053,95.277520813,16.70906445,17.19810845
000852.SH,000035.SZ,2025/9/23,中国天楹,4.81,-0.619834710744,0.095,-0.041755,116.6825509941,120.2876710542,24.25832661,25.00783182
000852.SH,000821.SZ,2025/9/23,京山轻机,12.42,-0.719424460432,0.074,-0.037751,75.0976248888,77.3610474276,6.04650764,6.22874778
000852.SH,600821.SH,2025/9/23,金开新能,5.54,-1.598579040853,0.101,-0.114489,110.64839529620001,110.6483952962,19.97263453,19.97263453
000852.SH,600827.SH,2025/9/23,百联股份,9.04,-2.375809935205,0.099,-0.166784,145.042272768,161.2887977768,16.0444992,17.84168117
000852.SH,000761.SZ,2025/9/23,本钢板材,3.49,-3.055555555556,0.033,-0.071501,129.4173039545,143.3773039545,37.08232205,41.08232205
000852.SH,600185.SH,2025/9/23,珠免集团,5.67,-1.903114186851,0.08099999999999999,-0.109309,106.8798285765,106.8798285765,18.85005795,18.85005795
000852.SH,600186.SH,2025/9/23,莲花控股,5.83,-1.018675721562,0.13999999999999999,-0.101128,104.16521871030001,104.5381463203,17.86710441,17.93107141
000852.SH,000829.SZ,2025/9/23,天音控股,9.55,-2.351738241309,0.107,-0.178435,97.8043833895,97.897091829,10.24129669,10.25100438
000852.SH,000762.SZ,2025/9/23,西藏矿业,21.43,-2.369020501139,0.11399999999999999,-0.191505,111.6075724374,111.687618202,5.20800618,5.2117414
000852.SH,000766.SZ,2025/9/23,通化金马,25.76,-0.540540540541,0.28500000000000003,-0.10924,248.8435786256,248.9690365232,9.66007681,9.66494707
000852.SH,000767.SZ,2025/9/23,晋控电力,2.92,-2.013422818792,0.058,-0.082808,85.0375959312,89.8467127948,29.12246436,30.76942219
000852.SH,600195.SH,2025/9/23,中牧股份,7.04,-1.123595505618,0.048,-0.038244,71.888837504,71.888837504,10.2114826,10.2114826
000852.SH,600197.SH,2025/9/23,伊力特,15.13,-1.689408706953,0.056999999999999995,-0.068284,71.5913346821,71.5913346821,4.73174717,4.73174717
000852.SH,600201.SH,2025/9/23,生物股份,8.94,-1.866081229418,0.11900000000000001,-0.157465,99.3902556444,99.3902556444,11.11747826,11.11747826
000852.SH,600206.SH,2025/9/23,有研新材,20.34,-2.164502164502,0.168,-0.257854,172.1889477288,172.1889477288,8.46553332,8.46553332
000852.SH,000837.SZ,2025/9/23,秦川机床,14.08,-2.896551724138,0.098,-0.201286,141.8421082496,143.6168218496,10.07401337,10.20005837
000852.SH,000848.SZ,2025/9/23,承德露露,8.38,-1.179245283019,0.068,-0.056862,87.3660314012,88.2040314012,10.42554074,10.52554074
000852.SH,600273.SH,2025/9/23,嘉化能源,8.13,0.12315270936,0.105,0.009169,110.3143051386,110.3143051386,13.56879522,13.56879522
000852.SH,000589.SZ,2025/9/23,贵州轮胎,4.51,-0.660792951542,0.07100000000000001,-0.033268,69.3261867804,70.1164470204,15.37166004,15.54688404
000852.SH,600577.SH,2025/9/23,精达股份,9.47,5.339265850945,0.198,0.749642,203.5271153108,203.5271153108,21.49177564,21.49177564
000852.SH,000791.SZ,2025/9/23,甘肃能源,6.49,1.724137931034,0.052,0.063574,125.6218539114,210.5251992558,19.35621786,32.43839742
000852.SH,002051.SZ,2025/9/23,中工国际,8.23,0.121654501217,0.053,0.004572,101.8328941091,101.8387555151,12.37337717,12.37408937
000852.SH,002053.SZ,2025/9/23,云南能投,12.7,-3.71493555724,0.052,-0.136981,116.93181325299999,116.932641928,9.20722939,9.20729464
000852.SH,000581.SZ,2025/9/23,威孚高科,21.72,-1.630434782609,0.16199999999999998,-0.187295,172.4279230428,209.9858525196,7.93867049,9.66785693
000852.SH,600210.SH,2025/9/23,紫江企业,7.15,-2.853260869565,0.106,-0.214464,108.44663529700001,108.446635297,15.16736158,15.16736158
000852.SH,600211.SH,2025/9/23,西藏药业,47.5,-7.063197026022,0.095,-0.475808,153.1016181,153.1016181,3.22319196,3.22319196
000852.SH,600216.SH,2025/9/23,浙江医药,14.03,-2.569444444444,0.131,-0.238681,134.9171765425,134.917776325,9.61633475,9.6163775
000852.SH,600217.SH,2025/9/23,中再资环,4.18,-2.107728337237,0.064,-0.095654,69.2899235314,69.2899235314,16.57653673,16.57653673
000852.SH,600586.SH,2025/9/23,金晶科技,4.94,-0.603621730382,0.061,-0.02611,70.01648238,70.01648238,14.173377,14.173377
000852.SH,600587.SH,2025/9/23,新华医疗,16.07,-1.411042944785,0.098,-0.098056,97.1209791852,97.4931415833,6.04362036,6.06677919
000852.SH,600531.SH,2025/9/23,豫光金铅,11.12,-2.284710017575,0.086,-0.139327,121.23672852,121.23672852,10.9025835,10.9025835
000852.SH,600223.SH,2025/9/23,福瑞达,7.54,-1.049868766404,0.051000000000000004,-0.037968,76.649285635,76.649285635,10.16568775,10.16568775
000852.SH,000899.SZ,2025/9/23,赣能股份,9.29,-0.42872454448,0.034999999999999996,-0.01064,90.640463904,90.640463904,9.7567776,9.7567776
000852.SH,600595.SH,2025/9/23,中孚实业,5.18,0.582524271845,0.16199999999999998,0.066917,207.6094849052,207.6094849052,40.07905114,40.07905114
000852.SH,600596.SH,2025/9/23,新安股份,10.16,-2.868068833652,0.125,-0.254218,137.1190601784,137.1190601784,13.49597049,13.49597049
000852.SH,600597.SH,2025/9/23,光明乳业,8.37,-0.593824228029,0.075,-0.031581,115.3767138831,115.3782539631,13.78455363,13.78473763
000852.SH,600548.SH,2025/9/23,深高速,9.81,1.447776628749,0.047,0.048251,140.60381898059998,248.9636860587,14.33270326,25.37856127
000852.SH,600894.SH,2025/9/23,广日股份,9.89,-0.603015075377,0.055999999999999994,-0.023945,83.3869856105,84.2309900018,8.43144445,8.51678362
000852.SH,000901.SZ,2025/9/23,航天科技,15.69,-2.242990654206,0.13799999999999998,-0.219489,125.2365414789,125.2378006014,7.98193381,7.98201406
000852.SH,000902.SZ,2025/9/23,新洋丰,13.35,-1.621223286662,0.117,-0.134504,152.5614646845,167.5068988875,11.42782507,12.54733325
000852.SH,600601.SH,2025/9/23,方正科技,10.92,-3.957783641161,0.316,-0.886842,455.3960269404,466.6927232604,41.70293287,42.73742887
000852.SH,600604.SH,2025/9/23,市北高新,5.31,-2.747252747253,0.051000000000000004,-0.099352,74.7358500924,99.4724850924,14.07454804,18.73304804
000852.SH,000801.SZ,2025/9/23,四川九洲,16.44,-0.904159132007,0.13699999999999998,-0.087836,168.1494126024,168.1494126024,10.22806646,10.22806646
000852.SH,600366.SH,2025/9/23,宁波韵升,13.96,-3.257103257103,0.166,-0.383395,148.4006682256,153.4261307196,10.63042036,10.99041051
000852.SH,600618.SH,2025/9/23,氯碱化工,10.03,-1.376597836775,0.03,-0.029284,75.2089495928,115.9869175928,7.49839976,11.56399976
000852.SH,600621.SH,2025/9/23,华鑫股份,15.78,-1.987577639752,0.11900000000000001,-0.167717,167.4099082776,167.4099082776,10.60899292,10.60899292
000852.SH,600623.SH,2025/9/23,华谊集团,8.17,-1.209189842805,0.083,-0.071167,152.9294894392,173.435315576,18.71841976,21.2283128
000852.SH,600475.SH,2025/9/23,华光环能,15.79,-3.543066585217,0.104,-0.261288,148.8816566091,150.9469886091,9.42885729,9.55965729
000852.SH,600020.SH,2025/9/23,中原高速,4.28,-0.2331002331,0.05,-0.008265,96.18751440959998,96.1875144096,22.47371832,22.47371832
000852.SH,600389.SH,2025/9/23,江山股份,24.7,-2.139461172742,0.095,-0.144124,106.37055,106.37055,4.3065,4.3065
000852.SH,600395.SH,2025/9/23,盘江股份,5.29,1.926782273603,0.06899999999999999,0.094273,113.5564568926,113.5564568926,21.46624894,21.46624894
000852.SH,000913.SZ,2025/9/23,钱江摩托,17.07,-0.350262697023,0.067,-0.016641,79.0755801,89.88951045,4.63243,5.265935
000852.SH,000915.SZ,2025/9/23,华特达因,31.71,-0.502039535613,0.078,-0.027768,74.2583939685,74.3065138935,2.34179735,2.34331485
000852.SH,000917.SZ,2025/9/23,电广传媒,8.1,-0.735294117647,0.13799999999999998,-0.071953,114.814208403,114.822063378,14.17459363,14.17556338
000852.SH,600480.SH,2025/9/23,凌云股份,14.09,0.142146410803,0.126,0.0127,169.6664236865,172.2305912093,12.04161985,12.22360477
000852.SH,600449.SH,2025/9/23,宁夏建材,12.97,-0.840978593272,0.049,-0.029221,62.0200811474,62.0200811474,4.78181042,4.78181042
000852.SH,600478.SH,2025/9/23,科力远,6.22,-2.201257861635,0.10200000000000001,-0.159213,103.59664497520001,103.5966449752,16.65540916,16.65540916
000852.SH,600507.SH,2025/9/23,方大特钢,5.22,-1.136363636364,0.096,-0.077356,120.748407858,120.748407858,23.1318789,23.1318789
000852.SH,600403.SH,2025/9/23,大有能源,3.75,1.078167115903,0.022000000000000002,0.01682,89.655465075,89.655465075,23.90812402,23.90812402
000852.SH,000923.SZ,2025/9/23,河钢资源,14.95,-2.669270833333,0.084,-0.158993,93.87125242299999,97.5829796695,6.27901354,6.52728961
000852.SH,000927.SZ,2025/9/23,中国铁物,2.67,-2.197802197802,0.082,-0.127794,161.5443605127,161.5444422147,60.50350581,60.50353641
000852.SH,000928.SZ,2025/9/23,中钢国际,6.21,-0.798722044728,0.07100000000000001,-0.040212,89.0903411091,89.0914309641,14.34627071,14.34644621
000852.SH,000930.SZ,2025/9/23,中粮科技,5.9,-0.505902192243,0.07200000000000001,-0.025829,109.52453672,109.530101364,18.5634808,18.56442396
000852.SH,600477.SH,2025/9/23,杭萧钢构,2.65,-2.573529411765,0.055,-0.100369,62.777602975,62.777602975,23.6896615,23.6896615
000852.SH,600158.SH,2025/9/23,中体产业,9,-1.74672489083,0.08499999999999999,-0.105281,86.35617603,86.35617603,9.59513067,9.59513067
000852.SH,600163.SH,2025/9/23,中闽能源,5.24,0.963391136802,0.049,0.033474,99.7169978932,99.7169978932,19.02996143,19.02996143
000852.SH,600169.SH,2025/9/23,太原重工,2.47,-1.984126984127,0.049,-0.06894,82.32859505,82.673448299,33.331415,33.4710317
000852.SH,000935.SZ,2025/9/23,四川双马,21.07,-1.265229615745,0.077,-0.069082,160.8568781631,160.8568781631,7.63440333,7.63440333
000852.SH,600179.SH,2025/9/23,安通控股,3.75,3.021978021978,0.13,0.278575,140.4088685625,158.6822617125,37.44236495,42.31526979
000852.SH,000950.SZ,2025/9/23,重药控股,5.09,-0.5859375,0.056999999999999995,-0.023683,87.96460102639999,87.9646010264,17.28184696,17.28184696
000852.SH,000966.SZ,2025/9/23,长源电力,4.36,-0.456621004566,0.059000000000000004,-0.019104,142.20239495200002,151.7731266976,32.6152282,34.81035016
000852.SH,600320.SH,2025/9/23,振华重工,4.38,-0.904977375566,0.11499999999999999,-0.073798,145.5034975518,230.7538833438,33.21997661,52.68353501
000852.SH,600550.SH,2025/9/23,保变电气,8.14,-0.488997555012,0.1,-0.034675,149.900418272,149.900418272,18.4152848,18.4152848
000852.SH,600552.SH,2025/9/23,凯盛科技,12.84,-3.094339622642,0.123,-0.269886,121.28752518959999,121.2875251896,9.44606894,9.44606894
000852.SH,600556.SH,2025/9/23,天下秀,4.98,-3.675048355899,0.084,-0.218902,90.02583257159999,90.0258325716,18.07747642,18.07747642
000852.SH,600557.SH,2025/9/23,康缘药业,15.04,-1.955671447197,0.07200000000000001,-0.099847,85.15028442239999,85.1502844224,5.66158806,5.66158806
000852.SH,600559.SH,2025/9/23,老白干酒,17.06,-1.557991921523,0.166,-0.183392,155.1623111464,156.0559139464,9.09509444,9.14747444
000852.SH,000012.SZ,2025/9/23,南玻A,4.65,-0.428265524625,0.06999999999999999,-0.021258,91.108221807,142.7871829755,19.59316598,30.70692107
000852.SH,600072.SH,2025/9/23,中船科技,12.07,-1.30825838103,0.14300000000000002,-0.132659,130.7588140412,181.3667549412,10.83337316,15.02624316
000852.SH,600575.SH,2025/9/23,淮河能源,3.42,-0.869565217391,0.068,-0.041929,132.910128423,132.910128423,38.86261065,38.86261065
000852.SH,600502.SH,2025/9/23,安徽建工,4.66,1.304347826087,0.07100000000000001,0.065669,79.9904815108,79.9904815108,17.16533938,17.16533938
000852.SH,600409.SH,2025/9/23,三友化工,5.51,-1.957295373665,0.096,-0.13324,113.7456545848,113.7456545848,20.64349448,20.64349448
000852.SH,600490.SH,2025/9/23,鹏欣资源,6.28,-0.158982511924,0.11299999999999999,-0.012739,125.1366230408,138.9693085612,19.92621386,22.12887079
000852.SH,600682.SH,2025/9/23,南京新百,7.38,-3.780964797914,0.06999999999999999,-0.187675,85.981448295,99.3445579098,11.65060275,13.46132221
000852.SH,002041.SZ,2025/9/23,登海种业,9.21,-1.497326203209,0.043,-0.045655,81.048,81.048,8.8,8.8
000852.SH,002043.SZ,2025/9/23,兔宝宝,10.61,0.094339622642,0.067,0.004482,78.1025182055,88.036950328,7.36121755,8.2975448
000852.SH,600073.SH,2025/9/23,光明肉业,6.88,-0.864553314121,0.061,-0.037396,64.5157876736,64.5157876736,9.37729472,9.37729472
000852.SH,600075.SH,2025/9/23,新疆天业,4.49,-0.883002207506,0.058,-0.036316,76.6605835687,76.6605835687,17.07362663,17.07362663
000852.SH,600446.SH,2025/9/23,金证股份,17.88,-5.346744309158,0.182,-0.69003,168.29862524520001,168.2986252452,9.41267479,9.41267479
000852.SH,600459.SH,2025/9/23,贵研铂业,15.42,-4.932182490752,0.11399999999999999,-0.398704,116.2420598436,117.1622588292,7.53839558,7.59807126
000852.SH,000422.SZ,2025/9/23,湖北宜化,13.05,-2.320359281437,0.151,-0.24845,138.04331551200002,142.052148666,10.57803184,10.88522212
000852.SH,000718.SZ,2025/9/23,苏宁环球,2.62,-3.676470588235,0.042,-0.109493,59.7908397964,79.5074732608,22.82093122,30.34636384
000852.SH,000719.SZ,2025/9/23,中原传媒,11.63,-0.428082191781,0.05,-0.015178,77.5892592509,118.9985960087,6.67147543,10.23203749
000852.SH,000727.SZ,2025/9/23,冠捷科技,2.95,-3.908794788274,0.089,-0.246683,133.62222591,133.62222591,45.2956698,45.2956698
000852.SH,002045.SZ,2025/9/23,国光电器,17.11,-3.27868852459,0.097,-0.225517,96.1296061102,96.2408638852,5.61832882,5.62483132
000852.SH,002048.SZ,2025/9/23,宁波华翔,36.33,2.136631993253,0.166,0.251504,257.8708424439,295.6655732226,7.09801383,8.13833122
000852.SH,000048.SZ,2025/9/23,京基智农,16.88,-1.22878876536,0.053,-0.046181,88.84950048,89.5116438,5.263596,5.3028225
000852.SH,000049.SZ,2025/9/23,德赛电池,26.31,-0.529300567108,0.07100000000000001,-0.026648,101.17112219219999,101.1983982954,3.84534862,3.84638534
000852.SH,600246.SH,2025/9/23,万通发展,12.95,-5.336257309942,0.174,-0.658405,244.808415642,244.808415642,18.90412476,18.90412476
000852.SH,600248.SH,2025/9/23,陕建股份,3.89,0.777202072539,0.074,0.040782,144.1532582254,145.4757026254,37.05739286,37.39735286
000852.SH,600252.SH,2025/9/23,中恒集团,2.68,-4.285714285714,0.09,-0.27351,85.335570276,85.632120316,31.8416307,31.9522837
000852.SH,600710.SH,2025/9/23,苏美达,9.71,0.103092783505,0.06899999999999999,0.005044,126.8853700414,126.8853700414,13.06749434,13.06749434
000852.SH,600751.SH,2025/9/23,海航科技,4.65,0.215517241379,0.083,0.012684,119.653290918,134.8192069095,25.73189052,28.99337783
000852.SH,600757.SH,2025/9/23,长江传媒,8.35,-0.595238095238,0.06999999999999999,-0.029546,101.3270081005,101.3397977955,12.13497103,12.13650273
000852.SH,600759.SH,2025/9/23,洲际油气,2.24,-2.183406113537,0.121,-0.187338,92.81856147200001,92.937807872,41.4368578,41.4900928
000852.SH,600761.SH,2025/9/23,安徽合力,22,-0.766801984664,0.15,-0.081561,195.95240742,195.95240742,8.90692761,8.90692761
000852.SH,000058.SZ,2025/9/23,深赛格,9.16,-1.927194860814,0.033,-0.045097,90.2021248264,112.7779815552,9.84739354,12.31200672
000852.SH,000059.SZ,2025/9/23,华锦股份,5.06,-1.556420233463,0.063,-0.06953,80.93179237220001,80.9317923722,15.99442537,15.99442537
000852.SH,000061.SZ,2025/9/23,农产品,8.48,-3.306727480046,0.074,-0.173515,143.8999189088,143.9025583088,16.96933006,16.96964131
000852.SH,600259.SH,2025/9/23,广晟有色,53.39,-4.404655326768,0.213,-0.665271,179.623132349,179.623132349,3.3643591,3.3643591
000852.SH,600266.SH,2025/9/23,城建发展,4.89,-4.4921875,0.078,-0.248462,101.5038574923,101.5038574923,20.75743507,20.75743507
000852.SH,600267.SH,2025/9/23,海正药业,10.25,-2.287893231649,0.11299999999999999,-0.183325,122.814366965,122.88194009,11.98188946,11.98848196
000852.SH,600133.SH,2025/9/23,东湖高新,8.62,-2.045454545455,0.12,-0.174052,91.909877225,91.909877225,10.66239875,10.66239875
000852.SH,600138.SH,2025/9/23,中青旅,10.05,-2.804642166344,0.074,-0.147169,72.74592,72.74592,7.2384,7.2384
000852.SH,600313.SH,2025/9/23,农发种业,6.28,-1.25786163522,0.061,-0.054409,67.9620760364,67.9620760364,10.82198663,10.82198663
000852.SH,600315.SH,2025/9/23,上海家化,25.63,-1.347190146266,0.11399999999999999,-0.108903,172.291518674,172.291518674,6.7222598,6.7222598
000852.SH,000065.SZ,2025/9/23,北方国际,10.81,-0.460405156538,0.076,-0.024812,105.39342333280001,115.8168129794,9.74962288,10.71385874
000852.SH,000088.SZ,2025/9/23,盐田港,4.47,0,0.044000000000000004,0,141.3813827196,232.4169055662,31.62894468,51.99483346
000852.SH,000089.SZ,2025/9/23,深圳机场,7,-0.568181818182,0.093,-0.037469,143.55196821,143.55386563,20.50742403,20.50769509
000852.SH,000090.SZ,2025/9/23,天健集团,3.58,-2.185792349727,0.06,-0.092997,66.89086563720001,66.8939265372,18.68459934,18.68545434
000852.SH,000099.SZ,2025/9/23,中信海直,22.16,-2.292768959436,0.167,-0.271509,171.9106623592,171.9106623592,7.75770137,7.75770137
000852.SH,000156.SZ,2025/9/23,华数传媒,7.87,-0.88161209068,0.096,-0.060014,133.78023151989998,145.8257831854,16.99875877,18.52932442
000852.SH,600269.SH,2025/9/23,赣粤高速,4.84,0.623700623701,0.074,0.032728,113.0336994776,113.0336994776,23.35407014,23.35407014
000852.SH,600151.SH,2025/9/23,航天机电,8,-3.264812575574,0.11,-0.254658,114.74018296,114.74018296,14.34252287,14.34252287
000852.SH,002004.SZ,2025/9/23,华邦健康,4.47,-1.541850220264,0.097,-0.106052,84.10838847630001,88.5023878377,18.81619429,19.79919191
000852.SH,002006.SZ,2025/9/23,精工科技,22.11,-1.820603907638,0.08,-0.103279,114.926329584,114.926329584,5.1979344,5.1979344
000852.SH,002010.SZ,2025/9/23,传化智联,6.39,-2.887537993921,0.108,-0.221135,177.7045968234,178.1513154612,27.80979606,27.87970508
000852.SH,002011.SZ,2025/9/23,盾安环境,14.99,1.283783783784,0.104,0.094674,137.8158777558,159.7088836818,9.19385442,10.65436182
000852.SH,600323.SH,2025/9/23,瀚蓝环境,27.34,1.824953445065,0.161,0.208346,222.9159097164,222.9159097164,8.15347146,8.15347146
000852.SH,600328.SH,2025/9/23,中盐化工,7.56,-1.690507152146,0.089,-0.106688,110.8530006948,110.8530006948,14.66309533,14.66309533
000852.SH,600330.SH,2025/9/23,天通股份,11.8,-4.761904761905,0.146,-0.492993,145.545261088,145.545261088,12.33434416,12.33434416
000852.SH,600331.SH,2025/9/23,宏达股份,10.82,-1.636363636364,0.217,-0.251795,219.8624,285.82112,20.32,26.416
000852.SH,600335.SH,2025/9/23,国机汽车,6.06,-0.818330605565,0.047,-0.027273,90.64479473520001,90.6447947352,14.95788692,14.95788692
000852.SH,600338.SH,2025/9/23,西藏珠峰,12.27,-3.080568720379,0.14100000000000001,-0.308004,112.1735876136,112.1735876136,9.14210168,9.14210168
000852.SH,600285.SH,2025/9/23,羚锐制药,22.1,-0.315741993685,0.132,-0.029554,125.056272406,125.332522406,5.65865486,5.67115486
000852.SH,002015.SZ,2025/9/23,协鑫能科,11.53,-1.114922813036,0.153,-0.12096,187.1693279942,187.1693279942,16.23324614,16.23324614
000852.SH,002019.SZ,2025/9/23,亿帆医药,13.94,-1.761804087385,0.13899999999999998,-0.173652,117.301486752,169.564777849,8.4147408,12.16390085
000852.SH,002020.SZ,2025/9/23,京新药业,19.66,-4.978250362494,0.14200000000000002,-0.50127,142.332174661,169.278328924,7.23968335,8.6102914
000852.SH,002023.SZ,2025/9/23,海特高新,11.92,-2.534750613246,0.093,-0.167157,88.310540012,88.310540012,7.40860235,7.40860235
000852.SH,600987.SH,2025/9/23,航民股份,7.23,0.696378830084,0.046,0.022715,73.8052045179,73.8052045179,10.20818873,10.20818873
000852.SH,600971.SH,2025/9/23,恒源煤电,6.86,0.734214390602,0.051000000000000004,0.026552,82.3203350424,82.3203350424,12.00004884,12.00004884
000852.SH,600633.SH,2025/9/23,浙数文化,14.33,0.561403508772,0.14300000000000002,0.056927,181.7150718376,181.7150718376,12.68074472,12.68074472
000852.SH,600717.SH,2025/9/23,天津港,4.69,-0.212765957447,0.093,-0.014031,135.7286486822,135.7286486822,28.94001038,28.94001038
000852.SH,600718.SH,2025/9/23,东软集团,10.79,-3.141831238779,0.128,-0.285167,128.3150632608,128.3150632608,11.89203552,11.89203552
000852.SH,600771.SH,2025/9/23,广誉远,18.97,-1.146430432517,0.123,-0.099991,92.85646944770001,92.8564694477,4.89491141,4.89491141
000852.SH,600773.SH,2025/9/23,西藏城投,10.38,-2.626641651032,0.076,-0.141554,98.77471658700001,98.774716587,9.51586865,9.51586865
000852.SH,600775.SH,2025/9/23,南京熊猫,11.21,-3.111495246327,0.074,-0.163271,75.3130991009,102.4412991009,6.71838529,9.13838529
000852.SH,600776.SH,2025/9/23,东方通信,13,-2.840059790732,0.073,-0.147014,124.28000832,163.28000832,9.56000064,12.56000064
000852.SH,600780.SH,2025/9/23,通宝能源,5.73,-0.174216027875,0.042,-0.005189,65.6945945679,65.6945945679,11.46502523,11.46502523
000852.SH,600782.SH,2025/9/23,新钢股份,4.02,-1.951219512195,0.096,-0.132826,126.4552163898,127.9381943898,31.45652149,31.82542149
000852.SH,600783.SH,2025/9/23,鲁信创投,12.36,-3.210649960846,0.048,-0.10928,92.0028087384,92.0028087384,7.44359294,7.44359294
000852.SH,600787.SH,2025/9/23,中储股份,6.04,-0.821018062397,0.068,-0.039588,131.0728067528,131.0728067528,21.70079582,21.70079582
000852.SH,000420.SZ,2025/9/23,吉林化纤,4.49,-5.274261603376,0.108,-0.403917,110.3655983207,110.4031886007,24.58031143,24.58868343
000852.SH,600639.SH,2025/9/23,浦东金桥,10.86,1.685393258427,0.045,0.05378,92.3357059458,121.8940401798,8.50236703,11.22412893
000852.SH,600640.SH,2025/9/23,国脉文化,13.6,9.677419354839,0.051000000000000004,0.349975,108.21464784,108.21464784,7.9569594,7.9569594
000852.SH,600641.SH,2025/9/23,万业企业,17.73,-0.949720670391,0.127,-0.085528,165.00068481600002,165.000684816,9.3062992,9.3062992
000852.SH,600643.SH,2025/9/23,爱建集团,5.57,-2.622377622378,0.06,-0.111572,88.58259058120001,88.7396123346,15.90351716,15.93170778
000852.SH,600648.SH,2025/9/23,外高桥,10.98,-0.181818181818,0.05,-0.006446,102.64012031520001,149.3183615364,9.34791624,13.59912218
000852.SH,600728.SH,2025/9/23,佳都科技,7.19,-4.38829787234,0.189,-0.588118,153.3338868659,153.3338868659,21.32599261,21.32599261
000852.SH,600729.SH,2025/9/23,重庆百货,26.55,-1.70307293595,0.08099999999999999,-0.097819,51.104195082,116.9462656935,1.92482844,4.40475577
000852.SH,600789.SH,2025/9/23,鲁抗医药,9.87,-1.693227091633,0.09,-0.10806,88.69869267840001,88.6986926784,8.98669632,8.98669632
000852.SH,600649.SH,2025/9/23,城投控股,4.67,-2.708333333333,0.074,-0.142115,116.9601858656,116.9601858656,25.04500768,25.04500768
000852.SH,600651.SH,2025/9/23,飞乐音响,9.24,1.874310915105,0.099,0.131578,231.649388586,231.649388586,25.07028015,25.07028015
000852.SH,600657.SH,2025/9/23,信达地产,4.02,-3.597122302158,0.043,-0.109681,114.64551951899999,114.645519519,28.51878595,28.51878595
000852.SH,600746.SH,2025/9/23,江苏索普,7.07,-1.256983240223,0.033,-0.029414,82.4420219329,82.5664918988,11.66082347,11.67842884
000852.SH,600750.SH,2025/9/23,江中药业,21.66,-0.367985280589,0.104,-0.027138,135.8715373056,137.5401383652,6.27292416,6.34996022
000852.SH,002034.SZ,2025/9/23,旺能环境,16.82,0.059488399762,0.047,0.001983,72.63386470180001,72.9961318434,4.31830349,4.33984137
000852.SH,600961.SH,2025/9/23,株冶集团,15.38,3.221476510067,0.09,0.205591,115.6287468124,165.0078217214,7.51812398,10.72872703
000852.SH,000860.SZ,2025/9/23,顺鑫农业,15.59,-1.329113924051,0.106,-0.099902,115.6414735851,115.6414735851,7.41766989,7.41766989
000852.SH,600006.SH,2025/9/23,东风股份,7.65,4.365620736698,0.075,0.232174,153,153,20,20
000852.SH,600662.SH,2025/9/23,外服控股,5.34,-0.743494423792,0.047,-0.024779,121.2223067634,121.938712299,22.70080651,22.83496485
000852.SH,600664.SH,2025/9/23,哈药股份,3.56,-1.385041551247,0.06999999999999999,-0.068749,89.6589515856,89.6589515856,25.18509876,25.18509876
000852.SH,600667.SH,2025/9/23,太极实业,7.31,-0.272851296044,0.13,-0.025152,152.89173321180002,152.8917332118,20.91542178,20.91542178
000852.SH,000875.SZ,2025/9/23,吉电股份,5.65,-0.17667844523,0.13999999999999999,-0.01754,188.8458749855,204.940790369,33.42404867,36.27270626
000852.SH,000881.SZ,2025/9/23,中广核技,7.55,-1.307189542484,0.055,-0.050981,62.94698042,71.3796490325,8.3373484,9.45425815
000852.SH,000756.SZ,2025/9/23,新华制药,15.8,-2.106567534077,0.059000000000000004,-0.088132,77.834579992,108.98469253,4.92623924,6.89776535
000852.SH,000758.SZ,2025/9/23,中色股份,6.18,-2.830188679245,0.121,-0.242833,122.122259721,123.016146354,19.76088345,19.9055253
000852.SH,600675.SH,2025/9/23,中华企业,2.82,-4.72972972973,0.068,-0.228062,170.5010163342,170.5010163342,60.46135331,60.46135331
000852.SH,000885.SZ,2025/9/23,城发环境,14.42,0.347947112039,0.036000000000000004,0.008882,92.58768437100001,92.587684371,6.42078255,6.42078255
000852.SH,600094.SH,2025/9/23,大名城,4.12,-0.961538461538,0.065,-0.044319,89.24463634,97.431904254,21.6613195,23.64852045
000852.SH,600012.SH,2025/9/23,皖通高速,12.92,0.232738557021,0.064,0.010562,150.59552,220.7500720588,11.656,17.08591889
000852.SH,600452.SH,2025/9/23,涪陵电力,9.54,1.381509032944,0.116,0.113637,146.5860737916,146.5860737916,15.36541654,15.36541654
000852.SH,600572.SH,2025/9/23,康恩贝,4.36,-0.683371298405,0.10200000000000001,-0.049427,109.76411258479999,110.0580573756,25.17525518,25.24267371
000852.SH,000544.SZ,2025/9/23,中原环保,8.3,-0.59880239521,0.032,-0.013588,80.89881250399999,80.898812504,9.74684488,9.74684488
000852.SH,000550.SZ,2025/9/23,江铃汽车,20.55,-1.627573001436,0.054,-0.062322,106.54417938,177.390477,5.1846316,8.63214
000852.SH,000552.SZ,2025/9/23,甘肃能化,2.54,-0.78125,0.066,-0.036563,94.6347089268,135.9359130654,37.25775942,53.51807601
000852.SH,000555.SZ,2025/9/23,神州信息,13.55,-4.778636683064,0.11100000000000002,-0.376126,131.692932651,132.2174362135,9.71903562,9.75774437
000852.SH,600100.SH,2025/9/23,同方股份,7.82,-2.127659574468,0.23900000000000002,-0.360584,261.9932811566,261.9932811566,33.50297713,33.50297713
000852.SH,600976.SH,2025/9/23,健民集团,40.81,-0.073457394711,0.065,-0.003386,62.56115866,62.60196866,1.532986,1.533986
000852.SH,600986.SH,2025/9/23,浙文互联,8.3,-3.37601862631,0.178,-0.42612,123.452047146,123.452047146,14.87374062,14.87374062
000852.SH,600114.SH,2025/9/23,东睦股份,32.26,-2.831325301205,0.23700000000000002,-0.475823,198.84530968020002,203.6843096802,6.16383477,6.31383477
000852.SH,600993.SH,2025/9/23,马应龙,26.78,-1.652589056188,0.105,-0.123044,115.2362188848,115.4362320098,4.30307016,4.31053891
000852.SH,600967.SH,2025/9/23,内蒙一机,18.87,-2.631578947368,0.27299999999999996,-0.509432,321.12865366290004,321.1286536629,17.01794667,17.01794667
000852.SH,600963.SH,2025/9/23,岳阳林纸,4.43,-1.555555555556,0.063,-0.069492,77.8602559322,77.8602559322,17.57567854,17.57567854
000852.SH,000567.SZ,2025/9/23,海德股份,6.29,-3.379416282642,0.047,-0.112628,122.6488466188,122.9438465495,19.49902172,19.54592155
000852.SH,600116.SH,2025/9/23,三峡水利,6.6,-0.900900900901,0.08,-0.051106,126.201431664,126.201431664,19.12142904,19.12142904
000852.SH,600461.SH,2025/9/23,洪城环境,8.93,0.79006772009,0.087,0.048741,114.6750573954,114.6750573954,12.84155178,12.84155178
000852.SH,600997.SH,2025/9/23,开滦股份,6.73,-0.296296296296,0.052,-0.010925,106.85892997229999,106.8589299723,15.87799851,15.87799851
000852.SH,600966.SH,2025/9/23,博汇纸业,4.85,-1.22199592668,0.052,-0.045059,64.836947968,64.836947968,13.36844288,13.36844288
000852.SH,600975.SH,2025/9/23,新五丰,6.38,-2.147239263804,0.06,-0.091356,64.8818000732,80.4704317054,10.16956114,12.61292033
000852.SH,600420.SH,2025/9/23,国药现代,10.75,-1.556776556777,0.094,-0.103767,144.17606439,144.17606439,13.41172692,13.41172692
000852.SH,002003.SZ,2025/9/23,伟星股份,10.09,-2.228682170543,0.095,-0.150134,102.5763563333,117.9409659877,10.16614037,11.68889653
000852.SH,600301.SH,2025/9/23,华锡有色,29.88,-3.891926664522,0.1,-0.275976,82.2703014828,189.0111627252,2.75335681,6.32567479
000852.SH,000680.SZ,2025/9/23,山推股份,9.84,-1.303911735206,0.108,-0.099857,129.36665751360002,147.6140330208,13.14701804,15.00142612
000852.SH,000681.SZ,2025/9/23,视觉中国,19.59,-2.585778219791,0.132,-0.242032,132.4484930712,137.2431197124,6.76102568,7.00577436
000852.SH,600120.SH,2025/9/23,浙江东方,6.15,-1.12540192926,0.164,-0.130876,210.045961758,210.045961758,34.15381492,34.15381492
000852.SH,600123.SH,2025/9/23,兰花科创,6.65,1.063829787234,0.073,0.055068,97.9704613965,97.9704613965,14.73240021,14.73240021
000852.SH,600125.SH,2025/9/23,铁龙物流,6.14,-0.807754442649,0.067,-0.038376,80.1590430636,80.1590430636,13.05521874,13.05521874
000852.SH,600129.SH,2025/9/23,太极集团,20.92,-1.784037558685,0.108,-0.136626,116.5015436448,116.5015436448,5.56890744,5.56890744
000852.SH,600305.SH,2025/9/23,恒顺醋业,7.83,-1.011378002528,0.06899999999999999,-0.049485,86.3639782524,86.6367206424,11.02988228,11.06471528
000852.SH,000968.SZ,2025/9/23,蓝焰控股,6.87,0.29197080292,0.042,0.008696,66.467432742,66.467432742,9.6750266,9.6750266
000852.SH,000969.SZ,2025/9/23,安泰科技,12.79,-2.36641221374,0.133,-0.223177,132.14544276659998,134.3868446063,10.33193454,10.50718097
000852.SH,000970.SZ,2025/9/23,中科三环,13.56,-3.142857142857,0.192,-0.427891,164.85241481879999,164.8524148188,12.15725773,12.15725773
000852.SH,000682.SZ,2025/9/23,东方电子,12.14,2.016806722689,0.116,0.165893,162.74361239459998,162.7642586498,13.40556939,13.40727007
000852.SH,000685.SZ,2025/9/23,中山公用,10.85,5.237633365664,0.095,0.35283,136.0548944685,160.0495815835,12.53962161,14.75111351
000852.SH,000686.SZ,2025/9/23,东北证券,8.21,-1.794258373206,0.153,-0.194663,192.1511843215,192.1511843215,23.40452915,23.40452915
000852.SH,000688.SZ,2025/9/23,国城矿业,14.33,-2.25102319236,0.06,-0.095772,161.2687740533,161.2693931093,11.25392701,11.25397021
000852.SH,000690.SZ,2025/9/23,宝新能源,4.47,0.224215246637,0.126,0.020033,97.1988704625,97.2621874314,21.74471375,21.75887862
000852.SH,600033.SH,2025/9/23,福建高速,3.4,-0.584795321637,0.06,-0.024881,93.3096,93.3096,27.444,27.444
000852.SH,000990.SZ,2025/9/23,诚志股份,7.25,-0.956284153005,0.06,-0.040686,88.1046560375,88.1047212875,12.15236635,12.15237535
000852.SH,000712.SZ,2025/9/23,锦龙股份,13.88,-1.490418736693,0.101,-0.106742,124.32789655,124.3648,8.95734125,8.96
000852.SH,002036.SZ,2025/9/23,联创电子,11.31,-1.822916666667,0.153,-0.197772,119.1373863498,119.3624871309,10.53380958,10.55371239
000852.SH,002038.SZ,2025/9/23,双鹭药业,7.09,-2.475928473177,0.068,-0.119386,60.4006649521,72.839115,8.51913469,10.2735
000852.SH,600037.SH,2025/9/23,歌华有线,7.94,-1.243781094527,0.108,-0.095252,110.50716398959999,110.5071639896,13.91777884,13.91777884
000852.SH,600055.SH,2025/9/23,万东医疗,16.99,-2.858776443682,0.093,-0.188525,119.4500737542,119.4500737542,7.03061058,7.03061058
000852.SH,600057.SH,2025/9/23,厦门象屿,7.08,-0.281690140845,0.1,-0.019975,155.2297222308,196.0426044012,21.92510201,27.68963339
000852.SH,600059.SH,2025/9/23,古越龙山,9.58,-1.440329218107,0.083,-0.084771,87.3257631654,87.3257631654,9.11542413,9.11542413
000852.SH,600063.SH,2025/9/23,皖维高新,5.51,-3.333333333333,0.095,-0.224548,114.0077653399,114.0077653399,20.69106449,20.69106449
000852.SH,600064.SH,2025/9/23,南京高科,7.77,-0.766283524904,0.123,-0.066835,134.4473903388,134.4473903388,17.30339644,17.30339644
000852.SH,000735.SZ,2025/9/23,罗牛山,6.23,-2.503912363067,0.073,-0.129613,71.7009153091,71.7392959094,11.50897517,11.51513578
000852.SH,000737.SZ,2025/9/23,北方铜业,14.12,0.857142857143,0.151,0.091778,268.92078819200003,268.945960622,19.0453816,19.04716435
000852.SH,000672.SZ,2025/9/23,上峰水泥,8.74,-0.228310502283,0.054,-0.008742,84.72516233,84.72516233,9.6939545,9.6939545
000852.SH,600861.SH,2025/9/23,北京人力,19.03,-0.833767587285,0.058,-0.034291,69.7591935744,107.7312502354,3.66574848,5.66112718
000852.SH,600864.SH,2025/9/23,哈投股份,7.1,-2.338376891334,0.121,-0.200635,147.72050692,147.72050692,20.8057052,20.8057052
000852.SH,600866.SH,2025/9/23,星湖科技,7.31,-0.814111261872,0.08499999999999999,-0.049069,91.7967375844,121.4536482296,12.55769324,16.61472616
000852.SH,600869.SH,2025/9/23,远东股份,7.72,0.651890482399,0.096,0.044376,171.33403199120002,171.3340319912,22.19352746,22.19352746
000852.SH,002060.SZ,2025/9/23,广东建工,4.16,10.05291005291,0.051000000000000004,0.363554,65.01308985600001,156.1827588672,15.6281466,37.54393242
000852.SH,600874.SH,2025/9/23,创业环保,5.86,0.342465753425,0.046,0.011171,72.102499781,92.026499781,12.30418085,15.70418085
000852.SH,600877.SH,2025/9/23,电科芯片,14.21,0.851667849539,0.13,0.078509,168.2548538132,168.2548538132,11.84059492,11.84059492
000852.SH,600888.SH,2025/9/23,新疆众和,7.64,-1.673101673102,0.078,-0.092539,107.2435403404,107.2435403404,14.03711261,14.03711261
000852.SH,000498.SZ,2025/9/23,山东路桥,6.07,0.16501650165,0.047,0.0055,87.97530304979999,94.2331237213,14.49346014,15.52440259
000852.SH,000503.SZ,2025/9/23,国新健康,10.37,-1.612903225806,0.104,-0.118946,101.54233484,101.7621095684,9.791932,9.81312532
000852.SH,000517.SZ,2025/9/23,荣安地产,2.01,-5.633802816901,0.023,-0.091883,50.088926961599995,63.9968419485,24.91986416,31.83922485
000852.SH,002302.SZ,2025/9/23,西部建设,6.55,-1.503759398496,0.043,-0.045852,82.684206912,82.684206912,12.62354304,12.62354304
000852.SH,000676.SZ,2025/9/23,智度股份,9.71,-5.268292682927,0.146,-0.545418,122.7857204572,122.8595827765,12.64528532,12.65289215
000852.SH,300181.SZ,2025/9/23,佐力药业,17.56,-1.070422535211,0.167,-0.126759,105.87115737639999,123.163616026,6.02910919,7.01387335
000852.SH,600835.SH,2025/9/23,上海机电,27.73,0.580340950308,0.12,0.049382,223.64364239,283.6056101084,8.065043,10.22739308
000852.SH,300077.SZ,2025/9/23,国民技术,24.63,-1.833399760861,0.199,-0.258712,139.48643862,143.62410621,5.663274,5.831267
000852.SH,600850.SH,2025/9/23,电科数字,28.91,-2.921423774345,0.158,-0.327309,177.4457641691,196.6397538147,6.13786801,6.80179017
000852.SH,000597.SZ,2025/9/23,东北制药,5.39,-1.821493624772,0.05,-0.064581,75.9621316993,76.9200574835,14.09315987,14.27088265
000852.SH,000600.SZ,2025/9/23,建投能源,7.1,0,0.065,0,77.393612196,128.460255696,10.90050876,18.09299376
000852.SH,000603.SZ,2025/9/23,盛达资源,22.86,2.511210762332,0.09,0.160263,152.4113596674,157.7269924956,6.66716359,6.89969346
000852.SH,000612.SZ,2025/9/23,焦作万方,7.9,-1.496259351621,0.106,-0.112466,94.122191376,94.183752126,11.91420144,11.92199394
000852.SH,000620.SZ,2025/9/23,盈新发展,1.65,-5.172413793103,0.047,-0.172384,77.0838554475,96.88494816,46.71748815,58.7181504
000852.SH,000628.SZ,2025/9/23,高新发展,52.5,-4.59749227694,0.126,-0.41077,100.925257125,184.947,1.92238585,3.5228
000852.SH,002626.SZ,2025/9/23,金达威,18.65,-0.797872340426,0.077,-0.043564,113.73558354149999,113.7528347915,6.09842271,6.09934771
000852.SH,000650.SZ,2025/9/23,仁和药业,6.27,-0.633914421553,0.087,-0.039107,83.4778917918,87.7761272718,13.31385834,13.99938234
000852.SH,000657.SZ,2025/9/23,中钨高新,17.35,-3.503893214683,0.23500000000000001,-0.583883,217.747210178,395.39858493,12.55027148,22.7895438
000852.SH,002643.SZ,2025/9/23,万润股份,13.12,-1.05580693816,0.095,-0.071124,119.29957878399999,121.09225032,9.0929557,9.22959225
000852.SH,002139.SZ,2025/9/23,拓邦股份,15.57,-1.890359168242,0.23600000000000002,-0.316347,166.7562482808,194.1322076316,10.71009944,12.46834988
000852.SH,300026.SZ,2025/9/23,红日药业,3.67,-2.133333333333,0.10300000000000001,-0.155813,100.5039951426,110.2524825179,27.38528478,30.04154837
000852.SH,601107.SH,2025/9/23,四川成渝,5.56,1.459854014599,0.046,0.047618,120.248344,170.028136,21.6274,30.5806
000852.SH,002101.SZ,2025/9/23,广东鸿图,14.17,-3.932203389831,0.054,-0.150569,93.8354685983,94.1421130663,6.62212199,6.64376239
000852.SH,002222.SZ,2025/9/23,福晶科技,50.97,-3.374407582938,0.217,-0.519235,238.61692862580003,239.686425,4.68151714,4.7025
000852.SH,002275.SZ,2025/9/23,桂林三金,14.52,-0.954979536153,0.033,-0.022347,81.17279908319999,85.31496072,5.59041316,5.875686
000852.SH,002267.SZ,2025/9/23,陕天然气,8.05,-0.247831474597,0.046,-0.008084,89.5220733225,89.5220733225,11.12075445,11.12075445
000852.SH,002332.SZ,2025/9/23,仙琚制药,9.67,-2.224469160768,0.105,-0.165624,95.20827785370001,95.6561105422,9.84573711,9.89204866
000852.SH,601126.SH,2025/9/23,四方股份,18.05,0.837988826816,0.11299999999999999,0.067147,147.80309285,150.404874,8.188537,8.33268
000852.SH,002534.SZ,2025/9/23,西子洁能,16.27,-0.610873549175,0.039,-0.016894,134.1854793083,136.0066532979,8.24741729,8.35935177
000852.SH,300049.SZ,2025/9/23,福瑞股份,79.04,-1.4463840399,0.216,-0.221536,184.5594607168,209.43695136,2.33501342,2.649759
000852.SH,002097.SZ,2025/9/23,山河智能,15.49,-6.911057692308,0.147,-0.720392,166.1610966311,166.4582141936,10.72699139,10.74617264
000852.SH,002093.SZ,2025/9/23,国脉科技,11.21,-1.752848378615,0.08,-0.099435,112.94075,112.94075,10.075,10.075
000852.SH,002081.SZ,2025/9/23,金螳螂,3.47,-1.420454545455,0.06999999999999999,-0.070507,91.7677896483,92.1397320083,26.44604889,26.55323689
000852.SH,002154.SZ,2025/9/23,报喜鸟,4.59,-2.754237288136,0.055,-0.107416,54.1515613302,66.9834181611,11.79772578,14.59333729
000852.SH,601908.SH,2025/9/23,京运通,4.1,-5.529953917051,0.068,-0.266647,98.998717301,98.998717301,24.14602861,24.14602861
000852.SH,002239.SZ,2025/9/23,奥特佳,3.44,-4.178272980501,0.099,-0.293318,111.5643219536,113.8238842336,32.43148894,33.08833844
000852.SH,300294.SZ,2025/9/23,博雅生物,24.7,-0.803212851406,0.1,-0.056956,124.549438286,124.549438286,5.04248738,5.04248738
000852.SH,002099.SZ,2025/9/23,海翔药业,5.88,-4.854368932039,0.08499999999999999,-0.292589,95.0030343444,95.1804568764,16.15697863,16.18715253
000852.SH,300284.SZ,2025/9/23,苏交科,8.68,-3.016759776536,0.08800000000000001,-0.188248,103.93018476120001,109.6134507832,11.97352359,12.62827774
000852.SH,002100.SZ,2025/9/23,天康生物,7.51,-0.661375661376,0.09,-0.042208,102.53038877649999,102.5303887765,13.65251515,13.65251515
000852.SH,002216.SZ,2025/9/23,三全食品,10.98,-1.612903225806,0.05,-0.057185,69.2021339442,96.5344084704,6.30256229,8.79184048
000852.SH,002127.SZ,2025/9/23,南极电商,3.53,-2.486187845304,0.079,-0.139273,70.4140747941,86.6569252259,19.94732997,24.54870403
000852.SH,002176.SZ,2025/9/23,江特电机,9.59,-2.042900919305,0.189,-0.273789,163.6072332244,163.6366232179,17.06019116,17.06325581
000852.SH,002544.SZ,2025/9/23,普天科技,28.71,-0.139130434783,0.13799999999999998,-0.013615,195.3626631066,195.381279819,6.80469046,6.8053389
000852.SH,002183.SZ,2025/9/23,怡亚通,5.23,-0.190839694656,0.106,-0.014344,135.8227909593,135.8235754593,25.96994091,25.97009091
000852.SH,002125.SZ,2025/9/23,湘潭电化,13.57,-4.098939929329,0.066,-0.191833,85.4206684541,85.4206684541,6.29481713,6.29481713
000852.SH,002171.SZ,2025/9/23,楚江新材,9.29,-2.415966386555,0.158,-0.270679,149.916582563,150.7709283088,16.1374147,16.22937872
000852.SH,300303.SZ,2025/9/23,聚飞光电,6.56,-3.387334315169,0.116,-0.278627,87.1166678816,92.8637225712,13.27997986,14.15605527
000852.SH,002149.SZ,2025/9/23,西部材料,16.97,-1.793981481481,0.079,-0.100497,82.8372347978,82.8499622978,4.88139274,4.88214274
000852.SH,002182.SZ,2025/9/23,宝武镁业,15.4,0.325732899023,0.122,0.028179,133.288918994,152.735899162,8.65512461,9.91791553
000852.SH,002265.SZ,2025/9/23,建设工业,30.18,-2.393272962484,0.157,-0.26644,121.654682145,311.7715948326,4.03097025,10.33040407
000852.SH,300229.SZ,2025/9/23,拓尔思,20.93,-2.922077922078,0.179,-0.370896,182.7252277669,182.8488610676,8.73030233,8.73620932
000852.SH,002215.SZ,2025/9/23,诺普信,13.09,-1.430722891566,0.109,-0.110583,102.8405406798,131.579542479,7.85642022,10.0519131
000852.SH,002151.SZ,2025/9/23,北斗星通,29,-1.125127855438,0.178,-0.142013,128.41746998,157.44416477,4.42818862,5.42910913
000852.SH,002091.SZ,2025/9/23,江苏国泰,8.61,0.34965034965,0.098,0.024298,137.5233476925,140.139128115,15.97251425,16.2763215
000852.SH,002145.SZ,2025/9/23,中核钛白,5.75,-1.541095890411,0.168,-0.183589,214.4101911175,218.8836505225,37.28872889,38.06672183
000852.SH,002077.SZ,2025/9/23,大港股份,16.27,-3.670811130847,0.06899999999999999,-0.179605,94.42270306510001,94.4227030651,5.80348513,5.80348513
000852.SH,002174.SZ,2025/9/23,游族网络,11.34,-4.465037910699,0.194,-0.614234,111.44988764280001,111.5124759378,9.82803242,9.83355167
000852.SH,002204.SZ,2025/9/23,大连重工,5.96,-1.487603305785,0.077,-0.081224,115.1096539072,115.1096539072,19.31370032,19.31370032
000852.SH,002212.SZ,2025/9/23,天融信,9.82,-4.19512195122,0.17500000000000002,-0.520582,114.5846634206,115.8223709178,11.66849933,11.79453879
000852.SH,002073.SZ,2025/9/23,软控股份,8.44,-1.516919486581,0.108,-0.11617,83.65070363640001,86.0450008164,9.91122081,10.19490531
000852.SH,002075.SZ,2025/9/23,沙钢股份,5.63,-2.086956521739,0.13799999999999998,-0.204221,123.51217409600001,123.5123725535,21.9382192,21.93825445
000852.SH,601101.SH,2025/9/23,昊华能源,7.39,0.681198910082,0.052,0.025118,106.4158467314,106.4158467314,14.39997926,14.39997926
000852.SH,002123.SZ,2025/9/23,梦网科技,13,-3.129657228018,0.14400000000000002,-0.31957,93.60893984,104.7046767,7.20068768,8.0542059
000852.SH,002061.SZ,2025/9/23,浙江交科,4.28,1.421800947867,0.068,0.068557,111.24310212,114.299601204,25.991379,26.7055143
000852.SH,600017.SH,2025/9/23,日照港,3.15,-1.253918495298,0.074,-0.065797,96.883097472,96.883097472,30.75653888,30.75653888
000852.SH,002068.SZ,2025/9/23,黑猫股份,11.32,-1.650738488271,0.063,-0.073744,83.2026589372,83.2410761872,7.35005821,7.35345196
000852.SH,002219.SZ,2025/9/23,新里程,2.22,-5.128205128205,0.055,-0.200002,72.63937058399999,75.1998749166,32.7204372,33.87381753
000852.SH,002226.SZ,2025/9/23,江南化工,6.47,-3.720238095238,0.084,-0.221593,171.38184810959999,171.3853087185,26.48869368,26.48922855
000852.SH,002254.SZ,2025/9/23,泰和新材,9.68,-2.517623363545,0.078,-0.139249,79.261613376,82.9782361144,8.1881832,8.57213183
000852.SH,002396.SZ,2025/9/23,星网锐捷,30.37,-5.064082525789,0.194,-0.696642,177.1422204286,177.8756012626,5.83280278,5.85695098
000852.SH,002245.SZ,2025/9/23,蔚蓝锂芯,20.32,3.252032520325,0.258,0.594951,220.4599821424,234.4088859184,10.84940857,11.53587037
000852.SH,002583.SZ,2025/9/23,海能达,11.58,-3.258145363409,0.179,-0.413552,148.5390974742,210.5961243198,12.82721049,18.18619381
000852.SH,002192.SZ,2025/9/23,融捷股份,33.97,-2.804005722461,0.091,-0.180937,88.0231414516,88.2048724591,2.59120228,2.59655203
000852.SH,002258.SZ,2025/9/23,利尔化学,11.68,-1.016949152542,0.077,-0.055526,93.340760296,93.4910682304,7.99150345,8.00437228
000852.SH,002249.SZ,2025/9/23,大洋电机,11.69,9.97177798683,0.17600000000000002,1.244492,213.9080800857,285.5191296958,18.29838153,24.42421982
000852.SH,002221.SZ,2025/9/23,东华能源,8.6,-0.347624565469,0.10300000000000001,-0.02539,125.63525963200001,135.546987962,14.60875112,15.76127767
000852.SH,002194.SZ,2025/9/23,武汉凡谷,14.27,2.001429592566,0.077,0.109279,72.9045416925,97.5048845162,5.10893775,6.83285806
000852.SH,002163.SZ,2025/9/23,海南发展,9.8,-2.777777777778,0.07200000000000001,-0.14182,78.74778975,82.805870966,8.03548875,8.44957867
000852.SH,002126.SZ,2025/9/23,银轮股份,41.9,-0.427756653992,0.40800000000000003,-0.123755,328.57692440299996,349.780020096,7.84193137,8.34797184
000852.SH,002158.SZ,2025/9/23,汉钟精机,27.36,-2.668089647812,0.064,-0.121084,145.9894439664,146.3005244304,5.33587149,5.34724139
000852.SH,601677.SH,2025/9/23,明泰铝业,13.17,-1.862891207154,0.209,-0.276084,160.4114727759,163.7720616759,12.18006627,12.43523627
000852.SH,002274.SZ,2025/9/23,华昌化工,6.22,-2.047244094488,0.048,-0.069682,58.334215886,59.2370809812,9.3784913,9.52364646
000852.SH,002320.SZ,2025/9/23,海峡股份,8.89,-5.122732123799,0.06999999999999999,-0.254277,198.62055308830003,198.6205530883,22.34201947,22.34201947
000852.SH,601777.SH,2025/9/23,千里科技,12.52,1.54095701541,0.266,0.290656,566.0417288891999,566.0417288892,45.21100071,45.21100071
000852.SH,002550.SZ,2025/9/23,千红制药,9.28,-3.131524008351,0.099,-0.219836,87.347088704,118.76544,9.4124018,12.798
000852.SH,002233.SZ,2025/9/23,塔牌集团,8.94,0.789177001127,0.08,0.044768,106.51875596040001,106.5893864304,11.91484966,11.92275016
000852.SH,002243.SZ,2025/9/23,力合科创,9.27,-0.429645542427,0.068,-0.020717,111.623990283,112.2230111013,12.0414229,12.10604219
000852.SH,002276.SZ,2025/9/23,万马股份,20.57,0,0.159,0,207.19248123970002,208.6394192652,10.07255621,10.14289836
000852.SH,002270.SZ,2025/9/23,华明装备,19.76,3.401360544218,0.129,0.311135,177.09036112560003,177.0941451656,8.96206281,8.96225431
000852.SH,300039.SZ,2025/9/23,上海凯宝,6.02,-1.472995090016,0.049,-0.05118,55.19895880520001,62.9692,9.16926226,10.46
000852.SH,002543.SZ,2025/9/23,万和电气,12.52,-0.792393026941,0.045,-0.025285,82.8336975756,93.09872,6.61611003,7.436
000852.SH,002416.SZ,2025/9/23,爱施德,11.93,-1.15990057995,0.116,-0.095408,146.0117834672,147.8463194558,12.23904304,12.39281806
000852.SH,002390.SZ,2025/9/23,信邦制药,3.45,-1.428571428571,0.053,-0.053689,66.509729073,67.062889446,19.27818234,19.43851868
000852.SH,002567.SZ,2025/9/23,唐人神,4.8,-0.621118012422,0.087,-0.038318,68.70969552,68.786466864,14.3145199,14.33051393
000852.SH,002317.SZ,2025/9/23,众生药业,17.85,-3.617710583153,0.181,-0.464322,135.948706971,151.7125901445,7.61617406,8.49930477
000852.SH,002468.SZ,2025/9/23,申通快递,18.79,-1.364829396325,0.133,-0.128717,275.6868736114,287.6377269914,14.67199966,15.30802166
000852.SH,002408.SZ,2025/9/23,齐翔腾达,4.79,-1.844262295082,0.09,-0.117699,136.1642883666,136.1722098291,28.42678254,28.42843629
000852.SH,300036.SZ,2025/9/23,超图软件,16.85,-0.940623162845,0.107,-0.071368,73.8835054245,83.0311749645,4.38477777,4.92766617
000852.SH,300079.SZ,2025/9/23,数码视讯,5.71,-3.220338983051,0.11100000000000002,-0.253473,73.1724883576,81.4262023402,12.81479656,14.26028062
000852.SH,300085.SZ,2025/9/23,银之杰,53.81,-4.507542147294,0.304,-0.971673,350.848119966,380.2432718835,6.5201286,7.06640535
000852.SH,002314.SZ,2025/9/23,南山控股,2.82,-5.050505050505,0.038,-0.13609,37.7394188448,76.3594668666,13.38277264,27.07782513
000852.SH,002324.SZ,2025/9/23,普利特,14.39,-0.690131124914,0.12,-0.058725,111.7061109318,160.0651860872,7.76275962,11.12336248
000852.SH,002292.SZ,2025/9/23,奥飞娱乐,9.27,0.760869565217,0.108,0.058269,94.35643516440001,137.0754619119,10.17868772,14.78699697
000852.SH,002268.SZ,2025/9/23,电科网安,17.02,-1.333333333333,0.14100000000000001,-0.133311,143.8697039416,143.9272613266,8.45297908,8.45636083
000852.SH,002368.SZ,2025/9/23,太极股份,26.55,-3.349108117947,0.163,-0.3871,164.72409066,165.467906433,6.2042972,6.23231286
000852.SH,300171.SZ,2025/9/23,东富龙,13.87,-1.700921332388,0.06899999999999999,-0.083222,78.0405751385,106.220349148,5.62657355,7.6582804
000852.SH,002506.SZ,2025/9/23,协鑫集成,2.51,-1.953125,0.155,-0.214669,146.6952250527,146.8429423177,58.44431277,58.50316427
000852.SH,002654.SZ,2025/9/23,万润科技,14.88,-5.941845764855,0.107,-0.450829,125.7720905472,125.7810185472,8.45242544,8.45302544
000852.SH,002511.SZ,2025/9/23,中顺洁柔,8.18,-0.728155339806,0.07100000000000001,-0.03666,103.4987528286,105.2257051034,12.65265927,12.86377813
000852.SH,300088.SZ,2025/9/23,长信科技,7.1,2.601156069364,0.215,0.396563,176.470758937,177.339084109,24.85503647,24.97733579
000852.SH,300257.SZ,2025/9/23,开山股份,15.28,1.934623082055,0.06999999999999999,0.096029,145.87666256,151.8274307504,9.546902,9.93635018
000852.SH,300119.SZ,2025/9/23,瑞普生物,20.83,-3.206319702602,0.078,-0.177341,69.7725889743,96.8084052598,3.34962021,4.64754706
000852.SH,300134.SZ,2025/9/23,大富科技,13.02,-4.123711340206,0.065,-0.190068,92.7568243812,99.9282403812,7.12418006,7.67498006
000852.SH,300261.SZ,2025/9/23,雅本化学,7.08,-1.529902642559,0.065,-0.070515,66.2810670912,68.2023105468,9.36173264,9.63309471
000852.SH,002405.SZ,2025/9/23,四维图新,9.08,-2.365591397849,0.27999999999999997,-0.469683,213.91129068520002,215.2549123112,23.55851219,23.70648814
000852.SH,601890.SH,2025/9/23,亚星锚链,9.61,-2.43654822335,0.086,-0.148587,92.19834,92.19834,9.594,9.594
000852.SH,300130.SZ,2025/9/23,新国都,27.5,-0.936599423631,0.158,-0.104934,119.3918847,156.007258825,4.34152308,5.67299123
000852.SH,002399.SZ,2025/9/23,海普瑞,12.04,-2.193338748985,0.06,-0.093318,150.1630851616,176.6624629616,12.47201704,14.67296204
000852.SH,300031.SZ,2025/9/23,宝通科技,25.18,-2.403100775194,0.109,-0.18574,88.60889640559999,105.440417801,3.51901892,4.18746695
000852.SH,002531.SZ,2025/9/23,天顺风能,7.81,-0.888324873096,0.076,-0.047873,139.5542442844,140.3362231898,17.86866124,17.96878658
000852.SH,300101.SZ,2025/9/23,振芯科技,24.02,-1.070840197694,0.151,-0.114659,135.963628283,136.41094914,5.66043415,5.679057
000852.SH,002315.SZ,2025/9/23,焦点科技,45.9,-2.589134125637,0.121,-0.22215,92.862704799,145.611263871,2.02315261,3.17235869
000852.SH,002484.SZ,2025/9/23,江海股份,32.59,0.184445127575,0.212,0.027727,267.39191116349997,277.1857523719,8.20472265,8.50523941
000852.SH,300009.SZ,2025/9/23,安科生物,10.08,-2.514506769826,0.164,-0.292418,123.1473809664,168.5901428064,12.21700208,16.72521258
000852.SH,300008.SZ,2025/9/23,天海防务,6.18,-2.369668246445,0.127,-0.213402,101.8025263878,106.7922004194,16.47290071,17.28029133
000852.SH,002327.SZ,2025/9/23,富安娜,7.17,0.561009817672,0.038,0.015117,34.9713718524,60.1022051463,4.87745772,8.38245539
000852.SH,002487.SZ,2025/9/23,大金重工,44.21,0.568698817106,0.166,0.066942,278.9298495986,281.9489871929,6.30920266,6.37749349
000852.SH,002518.SZ,2025/9/23,科士达,40.11,0.576730190572,0.107,0.043759,226.67782005540002,233.5304852034,5.65140414,5.82225094
000852.SH,300224.SZ,2025/9/23,正海磁材,16.08,-2.604482132041,0.12,-0.22162,146.08168479120002,146.9862376944,9.08468189,9.14093518
000852.SH,300232.SZ,2025/9/23,洲明科技,8.11,-3.795966785291,0.089,-0.239563,71.9378737233,88.4887891351,8.87026803,10.91107141
000852.SH,002545.SZ,2025/9/23,东方铁塔,13.09,-1.578947368421,0.079,-0.088451,147.93842937719998,162.8477266647,11.30163708,12.44062083
000852.SH,300068.SZ,2025/9/23,南都电源,18.98,-0.680272108844,0.191,-0.092135,161.89999103719998,170.4765908742,8.53003114,8.98190679
000852.SH,300045.SZ,2025/9/23,华力创通,21.89,-3.737906772208,0.173,-0.458544,113.0209542264,145.0596091604,5.16313176,6.62675236
000852.SH,300027.SZ,2025/9/23,华谊兄弟,2.59,-4.074074074074,0.095,-0.274448,64.3609505833,71.8597033021,24.84978787,27.74505919
000852.SH,601519.SH,2025/9/23,大智慧,15.2,-3.858317520557,0.21,-0.574545,302.35232,302.35232,19.8916,19.8916
000852.SH,601208.SH,2025/9/23,东材科技,21.9,-3.863037752414,0.155,-0.424588,222.967805646,222.967805646,10.18117834,10.18117834
000852.SH,300102.SZ,2025/9/23,乾照光电,12.18,-1.932367149758,0.116,-0.158948,111.6101983584,112.0966645134,9.16339888,9.20333863
000852.SH,300100.SZ,2025/9/23,双林股份,45.57,-3.125,0.198,-0.438755,251.44889523810002,260.652625758,5.51786033,5.7198294
000852.SH,601222.SH,2025/9/23,林洋能源,6.01,-1.475409836066,0.107,-0.111945,123.8161662756,123.8161662756,20.60169156,20.60169156
000852.SH,002617.SZ,2025/9/23,露笑科技,10.27,3.423967774421,0.154,0.373902,194.25230135740003,197.4927062381,18.91453762,19.23005903
000852.SH,002389.SZ,2025/9/23,航天彩虹,21.46,-1.514456172556,0.22599999999999998,-0.242701,211.32907237959998,211.3629781066,9.84758026,9.84916021
000852.SH,002588.SZ,2025/9/23,史丹利,9.1,-0.979325353645,0.07100000000000001,-0.049305,78.13237887,104.82217018,8.5859757,11.5189198
000852.SH,002421.SZ,2025/9/23,达实智能,3.52,-0.845070422535,0.099,-0.059325,70.635576176,74.6444736928,20.06692505,21.20581639
000852.SH,601801.SH,2025/9/23,皖新传媒,6.5,-1.065449010654,0.051000000000000004,-0.038531,127.265530405,127.265530405,19.57931237,19.57931237
000852.SH,002458.SZ,2025/9/23,益生股份,8.65,-0.230680507497,0.073,-0.011941,64.777143415,95.7047171475,7.4886871,11.06412915
000852.SH,300083.SZ,2025/9/23,创世纪,10.7,-2.104300091491,0.215,-0.320814,159.75476789799998,178.140297023,14.93035214,16.64862589
000852.SH,601678.SH,2025/9/23,滨化股份,4.07,-1.690821256039,0.11,-0.131886,82.6143364332,83.7132364332,20.29836276,20.56836276
000852.SH,002489.SZ,2025/9/23,浙江永强,3.78,-4.303797468354,0.051000000000000004,-0.155643,72.3124934784,81.9888166314,19.13028928,21.69016313
000852.SH,002557.SZ,2025/9/23,洽洽食品,21.58,-0.369344413666,0.08499999999999999,-0.022262,108.9300936776,109.1635299326,5.04773372,5.05855097
000852.SH,002428.SZ,2025/9/23,云南锗业,27.73,-4.936578676723,0.19499999999999998,-0.682602,181.0867788125,181.110176,6.53035625,6.5312
000852.SH,002498.SZ,2025/9/23,汉缆股份,3.59,-0.554016620499,0.059000000000000004,-0.023178,119.4319764,119.4319764,33.26796,33.26796
000852.SH,002326.SZ,2025/9/23,永太科技,16.18,-6.365740740741,0.122,-0.550701,130.815042738,149.729848631,8.0849841,9.25400795
000852.SH,002378.SZ,2025/9/23,章源钨业,11.9,-3.330625507717,0.11100000000000002,-0.262154,142.21944291100002,142.968702254,11.95121369,12.01417666
000852.SH,002402.SZ,2025/9/23,和而泰,55.19,10.005979669125,0.469,3.327663,444.73858311370003,510.4005886915,8.05831823,9.24806285
000852.SH,002488.SZ,2025/9/23,金固股份,12.48,-1.88679245283,0.11499999999999999,-0.153861,114.8264830752,124.230795312,9.20083999,9.95439065
000852.SH,300133.SZ,2025/9/23,华策影视,9.31,-1.167728237792,0.14200000000000002,-0.117581,151.1518999431,176.8514175911,16.23543501,18.99585581
000852.SH,300113.SZ,2025/9/23,顺网科技,23.89,-3.043831168831,0.16,-0.34534,123.7978849178,163.3039369898,5.18199602,6.83566082
000852.SH,002351.SZ,2025/9/23,漫步者,13.55,-2.095375722543,0.078,-0.115895,70.6031930125,120.4739985,5.21056775,8.89107
000852.SH,601515.SH,2025/9/23,东峰集团,4.52,-4.439746300211,0.065,-0.204634,84.2283218044,84.2283218044,18.63458447,18.63458447
000852.SH,300080.SZ,2025/9/23,易成新能,4,-4.988123515439,0.039,-0.137946,74.83442196,74.93521744,18.70860549,18.73380436
000852.SH,002354.SZ,2025/9/23,天娱数科,7.01,-2.773925104022,0.157,-0.308817,113.97778265790001,115.986465982,16.25931279,16.5458582
000852.SH,601718.SH,2025/9/23,际华集团,3.58,-2.185792349727,0.129,-0.199943,157.2203326632,157.2203326632,43.91629404,43.91629404
000852.SH,002537.SZ,2025/9/23,海联金汇,8.83,-3.073545554336,0.123,-0.268072,103.2403374835,103.6656785835,11.69199745,11.74016745
000852.SH,300034.SZ,2025/9/23,钢研高纳,15.69,-1.5065913371,0.105,-0.112174,120.2867665002,125.0432692347,7.66646058,7.96961563
000852.SH,002541.SZ,2025/9/23,鸿路钢构,17.05,-1.615695326024,0.09,-0.103112,84.597716104,117.6472691845,4.96174288,6.90013309
000852.SH,300180.SZ,2025/9/23,华峰超纤,7.38,-2.638522427441,0.135,-0.252581,126.37676514959999,129.966239439,17.12422292,17.61060155
000852.SH,300184.SZ,2025/9/23,力源信息,12.45,2.638087386645,0.16999999999999998,0.318013,130.62380889,143.674484289,10.4918722,11.54011922
000852.SH,601137.SH,2025/9/23,博威合金,25.49,-0.585023400936,0.157,-0.06513,207.0926442027,207.3373482027,8.12446623,8.13406623
000852.SH,600058.SH,2025/9/23,五矿发展,8.74,-2.888888888889,0.054,-0.110619,93.68499614139999,93.6849961414,10.71910711,10.71910711
000852.SH,002063.SZ,2025/9/23,远光软件,6.1,-2.24358974359,0.11,-0.175002,107.283947274,116.210856,17.58753234,19.05096
000852.SH,002242.SZ,2025/9/23,九阳股份,9.4,-1.156677181914,0.039,-0.031988,71.6003358,71.723598,7.617057,7.63017
000852.SH,300183.SZ,2025/9/23,东软载波,17.09,-3.007945516459,0.052,-0.110912,69.4771924408,79.0599015133,4.06537112,4.62609137
000852.SH,300182.SZ,2025/9/23,捷成股份,5.66,-3.577512776831,0.202,-0.512436,127.85385642620001,150.7725307712,22.58902057,26.63825632
000852.SH,300185.SZ,2025/9/23,通裕重工,3.07,-1.286173633441,0.11100000000000002,-0.101235,113.81238036200001,119.6379485674,37.0724366,38.97001582
000852.SH,002456.SZ,2025/9/23,欧菲光,13.89,-3.875432525952,0.5499999999999999,-1.511436,460.11275524260003,466.3344166857,33.12546834,33.57339213
000852.SH,002237.SZ,2025/9/23,恒邦股份,14.41,1.193820224719,0.09,0.076188,131.1982272612,165.4384623012,9.10466532,11.48080932
000852.SH,300188.SZ,2025/9/23,国投智能,15.24,-2.619808306709,0.109,-0.20249,130.378975716,130.984342044,8.5550509,8.5947731
000852.SH,600388.SH,2025/9/23,龙净环保,13.6,0.666173205033,0.157,0.074164,172.726295848,172.726295848,12.70046293,12.70046293
000852.SH,600456.SH,2025/9/23,宝钛股份,31.08,0.420032310178,0.11800000000000001,0.035146,148.4932591212,148.4932591212,4.77777539,4.77777539
000852.SH,002434.SZ,2025/9/23,万里扬,10.03,0.601805416249,0.06899999999999999,0.029445,131.527507315,131.65378,13.1134105,13.126
000852.SH,002539.SZ,2025/9/23,云图控股,9.9,-2.077151335312,0.121,-0.178222,87.239018295,119.564652438,8.81202205,12.07723762
000852.SH,002400.SZ,2025/9/23,省广集团,8.1,-4.705882352941,0.178,-0.593975,139.81933405799998,141.210307368,17.26164618,17.43337128
000852.SH,600635.SH,2025/9/23,大众公用,6.06,9.981851179673,0.1,0.707812,146.578775505,178.917541305,24.18791675,29.52434675
000852.SH,600645.SH,2025/9/23,中源协和,24.19,-1.905920519059,0.122,-0.164881,113.15360291350001,113.196836491,4.67770165,4.6794889
000852.SH,002335.SZ,2025/9/23,科华数据,76.07,5.799721835883,0.26,1.06927,345.8694802908,392.0754609887,4.54672644,5.15414041
000852.SH,300075.SZ,2025/9/23,数字政通,16.3,-3.607332939089,0.11199999999999999,-0.286491,84.016471588,101.244215754,5.15438476,6.21130158
000852.SH,002675.SZ,2025/9/23,东诚药业,15.08,-2.204928664073,0.13699999999999998,-0.214201,112.10230629520001,124.349032314,7.43383994,8.24595705
000852.SH,603128.SH,2025/9/23,华贸物流,6,-1.315789473684,0.061,-0.056915,78.54278964,78.54278964,13.09046494,13.09046494
000852.SH,300226.SZ,2025/9/23,上海钢联,25.51,-4.097744360902,0.094,-0.273136,78.1513298864,81.3058347522,3.06355664,3.18721422
000852.SH,600882.SH,2025/9/23,妙可蓝多,23.75,-0.544388609715,0.08800000000000001,-0.03397,121.1377411625,121.1377411625,5.10053647,5.10053647
000852.SH,000557.SZ,2025/9/23,西部创业,5.18,-1.520912547529,0.059000000000000004,-0.06363,75.5200590564,75.543811273,14.57916198,14.58374735
000852.SH,300315.SZ,2025/9/23,掌趣科技,5.26,-2.952029520295,0.199,-0.416563,135.8672547582,142.4203387578,25.83027657,27.07611003
000852.SH,300035.SZ,2025/9/23,中科电气,23.08,2.943800178412,0.181,0.377828,134.636748404,158.1964756668,5.8334813,6.85426671
000852.SH,300087.SZ,2025/9/23,荃银高科,9.22,1.430143014301,0.077,0.078087,82.58101086180001,87.3439874422,8.95672569,9.47331751
000852.SH,002497.SZ,2025/9/23,雅化集团,13.69,-3.113941967445,0.201,-0.443827,144.91567844600002,157.785808988,10.5855134,11.5256252
000852.SH,300323.SZ,2025/9/23,华灿光电,8.76,-1.683501683502,0.092,-0.109827,77.0231642616,142.1746946172,8.79259866,16.22998797
000852.SH,000795.SZ,2025/9/23,英洛华,10.35,-3.089887640449,0.104,-0.227868,117.33630466049999,117.3363046605,11.33684103,11.33684103
000852.SH,000828.SZ,2025/9/23,东莞控股,11.28,-0.441306266549,0.059000000000000004,-0.018463,117.2573644176,117.2575166976,10.39515642,10.39516992
000852.SH,300253.SZ,2025/9/23,卫宁健康,8.78,-2.660753880266,0.22200000000000003,-0.418856,168.034104546,194.3701984118,19.1382807,22.13783581
000852.SH,300236.SZ,2025/9/23,上海新阳,58.18,1.147426981919,0.154,0.1253,162.1633494006,182.3252996836,2.78726967,3.13381402
000852.SH,300129.SZ,2025/9/23,泰胜风能,7.66,-0.13037809648,0.061,-0.00564,49.518297731800004,71.6132811712,6.46452973,9.34899232
000852.SH,002635.SZ,2025/9/23,安洁科技,14.47,-1.964769647696,0.061,-0.084986,57.2073891089,95.4566764872,3.95351687,6.59686776
000852.SH,002681.SZ,2025/9/23,奋达科技,7.9,-3.067484662577,0.14100000000000001,-0.306696,121.08178162,141.777526328,15.3268078,17.94652232
000852.SH,300276.SZ,2025/9/23,三丰智能,10.58,-3.642987249545,0.116,-0.299656,111.84372565379999,148.230348342,10.57124061,14.0104299
000852.SH,300298.SZ,2025/9/23,三诺生物,19.72,-1.792828685259,0.08800000000000001,-0.111874,88.99625745600001,110.4844725536,4.5129948,5.60266088
000852.SH,300296.SZ,2025/9/23,利亚德,7.07,-3.017832647462,0.196,-0.419429,160.784897175,191.7367895954,22.7418525,27.11977222
000852.SH,002651.SZ,2025/9/23,利君股份,11.11,-2.286719437115,0.058,-0.094048,62.8230105151,114.817406,5.65463641,10.3346
000852.SH,601311.SH,2025/9/23,骆驼股份,10.75,-0.370713623726,0.08800000000000001,-0.023133,126.113207685,126.113207685,11.73146118,11.73146118
000852.SH,300319.SZ,2025/9/23,麦捷科技,13.24,0.379075056861,0.11399999999999999,0.030643,109.7585135256,116.3922921288,8.28991794,8.79095862
000852.SH,300327.SZ,2025/9/23,中颖电子,25.94,0.386996904025,0.11499999999999999,0.031558,88.2777519852,88.5514226168,3.40315158,3.41370172
000852.SH,002649.SZ,2025/9/23,博彦科技,13.9,-2.729181245626,0.11100000000000002,-0.214814,76.24752843,81.362889948,5.4854337,5.85344532
000852.SH,600740.SH,2025/9/23,山西焦化,3.92,-1.507537688442,0.063,-0.067347,100.4351492368,100.4351492368,25.62121154,25.62121154
000852.SH,000025.SZ,2025/9/23,特力A,17.33,-1.30979498861,0.044000000000000004,-0.040866,68.068482856,74.702406856,3.9277832,4.3105832
000852.SH,002605.SZ,2025/9/23,姚记科技,27.92,-1.307882644044,0.074,-0.068629,94.1505198568,116.6007623544,3.37215329,4.17624507
000852.SH,002668.SZ,2025/9/23,TCL智家,9.86,-0.904522613065,0.07200000000000001,-0.046181,106.8933868008,106.8933868008,10.84111428,10.84111428
000852.SH,300244.SZ,2025/9/23,迪安诊断,15.62,-2.679127725857,0.11299999999999999,-0.214674,78.3279053282,97.6217879032,5.01459061,6.24979436
000852.SH,002096.SZ,2025/9/23,易普力,13.39,-1.83284457478,0.086,-0.111771,93.8563698657,166.095019103,7.00943763,12.4044077
000852.SH,002079.SZ,2025/9/23,苏州固锝,10.49,-0.474383301708,0.08499999999999999,-0.028593,84.90605769220001,84.9858695984,8.09399978,8.10160816
000852.SH,300260.SZ,2025/9/23,新莱应材,44.38,3.401677539609,0.1,0.241213,127.653276191,180.9846365376,2.87636945,4.07806752
000852.SH,002597.SZ,2025/9/23,金禾实业,20.78,-2.76087973795,0.1,-0.195774,117.7849503804,118.0968706484,5.66818818,5.68319878
000852.SH,002611.SZ,2025/9/23,东方精工,18.58,4.440697020798,0.2,0.629779,186.20833396060002,226.171801972,10.02197707,12.1728634
000852.SH,002612.SZ,2025/9/23,朗姿股份,17.29,-1.256424900057,0.05,-0.044546,44.0444123483,76.4988053375,2.54739227,4.42445375
000852.SH,601369.SH,2025/9/23,陕鼓动力,8.34,0.968523002421,0.07200000000000001,0.049448,142.2633853158,143.7377726328,17.05795987,17.23474492
000852.SH,002338.SZ,2025/9/23,奥普光电,56.54,-2.112188365651,0.097,-0.145282,135.696,135.696,2.4,2.4
000852.SH,300151.SZ,2025/9/23,昌红科技,12.69,-2.309468822171,0.055999999999999994,-0.091708,46.7876519649,67.5753583446,3.68697021,5.32508734
000852.SH,300170.SZ,2025/9/23,汉得信息,17.58,-2.170283806344,0.244,-0.375503,172.2412044786,178.7870548938,9.79756567,10.16991211
000852.SH,300166.SZ,2025/9/23,东方国信,10.7,-2.991840435177,0.136,-0.288526,96.91819913399999,121.845795036,9.05777562,11.38745748
000852.SH,002516.SZ,2025/9/23,旷达科技,6.36,1.76,0.052,0.064897,92.91601817520001,93.5453401752,14.60943682,14.70838682
000852.SH,600602.SH,2025/9/23,云赛智联,20.45,-2.526215443279,0.186,-0.333189,219.694961455,279.6892215475,10.7430299,13.67673455
000852.SH,300337.SZ,2025/9/23,银邦股份,10.32,-1.620591039085,0.06999999999999999,-0.080441,73.4148219888,84.822144,7.11383934,8.2192
000852.SH,002690.SZ,2025/9/23,美亚光电,21.61,-1.728058208276,0.08800000000000001,-0.107832,93.7067006965,190.650994305,4.33626565,8.8223505
000852.SH,603766.SH,2025/9/23,隆鑫通用,12.26,-0.969305331179,0.194,-0.133343,251.76423081,251.76423081,20.5354185,20.5354185
000852.SH,601038.SH,2025/9/23,一拖股份,12.7,-0.703674745895,0.036000000000000004,-0.017963,92.926569925,142.702949925,7.31705275,11.23645275
000852.SH,603099.SH,2025/9/23,长白山,46.5,-7.148562300319,0.06,-0.304142,124.00155,124.00155,2.6667,2.6667
000852.SH,300348.SZ,2025/9/23,长亮科技,14.99,-2.725502920182,0.17099999999999999,-0.330483,106.1601005359,121.5316537474,7.08206141,8.10751526
000852.SH,603008.SH,2025/9/23,喜临门,17.68,-3.070175438596,0.06,-0.130624,65.67085366399999,65.670853664,3.7144148,3.7144148
000852.SH,002697.SZ,2025/9/23,红旗连锁,5.55,-2.116402116402,0.05,-0.075037,63.54208875,75.48,11.449025,13.6
000852.SH,002701.SZ,2025/9/23,奥瑞金,5.48,-1.967799642218,0.124,-0.173025,140.1458357028,140.2748737012,25.57405761,25.59760469
000852.SH,603599.SH,2025/9/23,广信股份,11.61,-0.428816466552,0.08099999999999999,-0.02463,105.68227095450001,105.6822709545,9.10269345,9.10269345
000852.SH,002745.SZ,2025/9/23,木林森,9.6,0.418410041841,0.11800000000000001,0.03501,102.208898784,142.479974304,10.64676029,14.84166399
000852.SH,002911.SZ,2025/9/23,佛燃能源,11.65,-1.68776371308,0.026,-0.031117,146.41355355,151.2629262805,12.567687,12.98394217
000852.SH,300820.SZ,2025/9/23,英杰电气,47.27,-0.672410170204,0.055999999999999994,-0.026701,52.498381545200004,104.7592956276,1.11060676,2.21618988
000852.SH,002727.SZ,2025/9/23,一心堂,14.35,0.490196078431,0.064,0.022246,57.0143341355,84.0341919375,3.97312433,5.85604125
000852.SH,300363.SZ,2025/9/23,博腾股份,24.98,-5.34293292914,0.1,-0.378867,125.0108529966,136.257037096,5.00443767,5.4546452
000852.SH,300357.SZ,2025/9/23,我武生物,28.08,-1.508242721852,0.123,-0.131548,135.925228764,147.0223872,4.84064205,5.23584
000852.SH,300360.SZ,2025/9/23,炬华科技,15.46,-2.027883396705,0.07200000000000001,-0.103534,77.3427680802,79.4933296796,5.00276637,5.14187126
000852.SH,300352.SZ,2025/9/23,北信源,5.93,-3.889789303079,0.12,-0.330989,75.7030253026,85.9745683591,12.76610882,14.49824087
000852.SH,688366.SH,2025/9/23,昊海生科,51.4,-1.83346065699,0.053,-0.068906,99.74265347,119.54668283,1.94051855,2.32581095
000852.SH,605368.SH,2025/9/23,蓝天燃气,10.22,0.097943192948,0.045,0.003125,73.035790513,73.035790513,7.14635915,7.14635915
000852.SH,603308.SH,2025/9/23,应流股份,32.37,2.631578947368,0.164,0.306032,219.8040959517,219.8040959517,6.79036441,6.79036441
000852.SH,002705.SZ,2025/9/23,新宝股份,16.14,-0.493218249075,0.066,-0.023083,130.42788876,131.036750892,8.081034,8.1187578
000852.SH,603009.SH,2025/9/23,北特科技,57.93,1.935597395742,0.14100000000000001,0.193527,196.04031632099998,196.1082091224,3.3840897,3.38526168
000852.SH,603005.SH,2025/9/23,晶方科技,32.05,1.072216966257,0.268,0.203763,209.021031773,209.021031773,6.52171706,6.52171706
000852.SH,300755.SZ,2025/9/23,华致酒行,23.59,1.027837259101,0.029,0.021136,98.239583092,98.32274256,4.1644588,4.167984
000852.SH,002716.SZ,2025/9/23,湖南白银,6.7,-0.740740740741,0.136,-0.071435,148.102098896,189.146939282,22.10479088,28.23088646
000852.SH,603699.SH,2025/9/23,纽威股份,43.19,8.517587939698,0.127,0.767056,325.9505647867,334.9497342513,7.54689893,7.75526127
000852.SH,300401.SZ,2025/9/23,花园生物,13.88,-1.699716713881,0.07100000000000001,-0.085574,74.2141068596,75.4333259208,5.34683767,5.43467766
000852.SH,603456.SH,2025/9/23,九洲药业,18.05,-5,0.121,-0.429005,160.545008054,160.545008054,8.89446028,8.89446028
000852.SH,601326.SH,2025/9/23,秦港股份,3.49,1.453488372093,0.061,0.062871,166.0388091,195.0006788,47.57559,55.87412
000852.SH,002698.SZ,2025/9/23,博实股份,17.86,5.058823529412,0.129,0.46275,150.2808359086,182.6293719178,8.41438051,10.22560873
000852.SH,603197.SH,2025/9/23,保隆科技,44.22,0.022619316897,0.07200000000000001,0.001155,94.46398933620002,94.4639893362,2.13622771,2.13622771
000852.SH,002706.SZ,2025/9/23,良信股份,12.14,3.31914893617,0.129,0.303615,111.07973622600001,136.347377428,9.1498959,11.2312502
000852.SH,603609.SH,2025/9/23,禾丰股份,8.05,-0.862068965517,0.049,-0.029953,73.454698604,73.454698604,9.12480728,9.12480728
000852.SH,002815.SZ,2025/9/23,崇达技术,15.72,-6.037059175134,0.11900000000000001,-0.509424,114.6293112624,183.8921830344,7.29194092,11.69797602
000852.SH,002726.SZ,2025/9/23,龙大美食,5.47,-2.146690518784,0.044000000000000004,-0.066978,58.918091438299996,59.0300896883,10.77113189,10.79160689
000852.SH,603100.SH,2025/9/23,川仪股份,24,0.62893081761,0.067,0.02988,122.40013416,123.16835616,5.10000559,5.13201484
000852.SH,603328.SH,2025/9/23,依顿电子,12.34,-0.080971659919,0.07200000000000001,-0.004134,123.2078181974,123.2078181974,9.98442611,9.98442611
000852.SH,688789.SH,2025/9/23,宏华数科,79,1.935483870968,0.10200000000000001,0.13999,141.76655228,141.76655228,1.79451332,1.79451332
000852.SH,300596.SZ,2025/9/23,利安隆,35.97,1.039325842697,0.073,0.0538,80.22921132270001,82.5941942199,2.23044791,2.29619667
000852.SH,300579.SZ,2025/9/23,数字认证,34.67,-4.831183090859,0.063,-0.215825,90.93198784639999,93.609,2.62278592,2.7
000852.SH,601595.SH,2025/9/23,上海电影,29.22,-2.274247491639,0.06999999999999999,-0.112887,130.96404,130.96404,4.482,4.482
000852.SH,603997.SH,2025/9/23,继峰股份,12.15,-1.459854014599,0.117,-0.121116,154.063511217,154.063511217,12.68012438,12.68012438
000852.SH,300475.SZ,2025/9/23,香农芯创,83.35,-4.916723705225,0.16999999999999998,-0.592695,370.2971837945,386.5554347945,4.44267767,4.63773767
000852.SH,300438.SZ,2025/9/23,鹏辉能源,34.5,4.577144589269,0.124,0.40246,139.43666211,173.6534592,4.04164238,5.0334336
000852.SH,300393.SZ,2025/9/23,中来股份,5.78,-1.533219761499,0.068,-0.07393,55.25131189,62.9804612924,9.5590505,10.89627358
000852.SH,603355.SH,2025/9/23,莱克电气,22.15,-0.494159928122,0.033,-0.011563,127.007096605,127.02624528,5.7339547,5.7348192
000852.SH,002779.SZ,2025/9/23,中坚科技,127.87,-1.182380216383,0.117,-0.098096,212.0191179645,236.30376,1.65808335,1.848
000852.SH,603227.SH,2025/9/23,雪峰科技,9.44,1.396348012889,0.076,0.075251,91.95272323520001,101.1677898416,9.74075458,10.71692689
000852.SH,603698.SH,2025/9/23,航天工程,18.94,-1.865284974093,0.037,-0.048939,101.516506,101.516506,5.3599,5.3599
000852.SH,300409.SZ,2025/9/23,道氏技术,25.02,-1.106719367589,0.209,-0.164018,172.0099084284,195.7186880406,6.87489642,7.82248953
000852.SH,300415.SZ,2025/9/23,伊之密,26.99,-1.711580480699,0.10300000000000001,-0.125009,122.2895683161,126.4649064716,4.53092139,4.68562084
000852.SH,002761.SZ,2025/9/23,浙江建投,9.13,-1.083423618635,0.076,-0.058387,98.76691535479999,98.7669153548,10.81784396,10.81784396
000852.SH,002791.SZ,2025/9/23,坚朗五金,22,-3.551074090311,0.039,-0.098204,42.08078248,77.85470286,1.91276284,3.53885013
000852.SH,603368.SH,2025/9/23,柳药集团,19.32,-2.473498233216,0.07200000000000001,-0.126285,76.73303244600001,76.733032446,3.97168905,3.97168905
000852.SH,603013.SH,2025/9/23,亚普股份,28.06,-1.509301509302,0.047,-0.050301,143.8353534784,143.8353534784,5.12599264,5.12599264
000852.SH,300455.SZ,2025/9/23,航天智装,16.73,-2.049180327869,0.089,-0.129323,118.5525335428,120.0825756928,7.08622436,7.17767936
000852.SH,300443.SZ,2025/9/23,金雷股份,28.91,-1.027045532352,0.076,-0.055349,70.1859764095,92.5509122818,2.42774045,3.20134598
000852.SH,300398.SZ,2025/9/23,飞凯材料,25.53,4.588283490373,0.13699999999999998,0.445736,143.95096652729998,144.741428685,5.63850241,5.6694645
000852.SH,300463.SZ,2025/9/23,迈克生物,11.64,-1.272264631043,0.065,-0.058641,57.245538624,70.3831950336,4.9180016,6.04666624
000852.SH,603730.SH,2025/9/23,岱美股份,6.04,1.172529313233,0.032,0.026606,129.77444460799998,129.774444608,21.4858352,21.4858352
000852.SH,603866.SH,2025/9/23,桃李面包,5.44,-1.805054151625,0.055999999999999994,-0.071678,87.02472203200001,87.024722032,15.99719155,15.99719155
000852.SH,300406.SZ,2025/9/23,九强生物,13.34,-0.298953662182,0.052,-0.011023,56.617155097,78.2135709752,4.24416455,5.86308628
000852.SH,603383.SH,2025/9/23,顶点软件,40.5,-3.387404580153,0.07100000000000001,-0.170542,82.896638895,83.181726495,2.04683059,2.05386979
000852.SH,603883.SH,2025/9/23,老百姓,16.74,-2.0479812756,0.08499999999999999,-0.123439,127.0382255064,127.2400056162,7.58890236,7.60095613
000852.SH,002747.SZ,2025/9/23,埃斯顿,24.75,-2.057776018995,0.155,-0.226171,193.6452753675,215.5770671175,7.82405153,8.71018453
000852.SH,603567.SH,2025/9/23,珍宝岛,11.05,-3.996524761077,0.043,-0.121859,103.81922790200001,103.9801149075,9.39540524,9.40996515
000852.SH,601882.SH,2025/9/23,海天精工,20.56,-2.188392007612,0.039,-0.06052,107.3232,107.3232,5.22,5.22
000852.SH,002755.SZ,2025/9/23,奥赛康,20.82,-2.710280373832,0.083,-0.159514,193.2411581232,193.2429850782,9.28151576,9.28160351
000852.SH,001203.SZ,2025/9/23,大中矿业,11.54,-1.703577512777,0.068,-0.082144,149.14813822879998,174.0258627396,12.92444872,15.08023074
000852.SH,601069.SH,2025/9/23,西部黄金,31.21,1.331168831169,0.068,0.064187,276.8915130603,284.3228262883,8.87188443,9.10999123
000852.SH,300492.SZ,2025/9/23,华图山鼎,77.77,-2.568278626911,0.067,-0.122018,152.9588588066,152.9588588066,1.96681058,1.96681058
000852.SH,603025.SH,2025/9/23,大豪科技,16.96,0.118063754427,0.047,0.003935,188.1160415008,189.3846495008,11.09174773,11.16654773
000852.SH,601015.SH,2025/9/23,陕西黑猫,3.53,-1.396648044693,0.036000000000000004,-0.035653,72.1001666567,72.1001666567,20.42497639,20.42497639
000852.SH,002737.SZ,2025/9/23,葵花药业,15.48,-0.89628681178,0.058,-0.036862,90.4032,90.4032,5.84,5.84
000852.SH,603667.SH,2025/9/23,五洲新春,47.35,-3.857868020305,0.126,-0.344687,173.397011595,173.397011595,3.6620277,3.6620277
000852.SH,601811.SH,2025/9/23,新华文轩,14.62,-0.679347826087,0.024,-0.011561,115.77635018,180.3875542,7.919039,12.33841
000852.SH,601500.SH,2025/9/23,通用股份,4.55,-1.086956521739,0.055,-0.042392,72.0265334425,72.3138659425,15.83000735,15.89315735
000852.SH,603588.SH,2025/9/23,高能环境,6.59,-0.302571860817,0.106,-0.022743,100.38115071629998,100.3811507163,15.23234457,15.23234457
000852.SH,300432.SZ,2025/9/23,富临精工,15.9,-5.525846702317,0.19499999999999998,-0.764083,268.79835486900004,271.851878478,16.90555691,17.09760242
000852.SH,603636.SH,2025/9/23,南威软件,11.77,-2.80759702725,0.059000000000000004,-0.117461,68.3084335571,68.3084335571,5.80360523,5.80360523
000852.SH,603612.SH,2025/9/23,索通发展,25.86,-2.818489289741,0.11399999999999999,-0.227839,128.8098130974,128.8098130974,4.98104459,4.98104459
000852.SH,603118.SH,2025/9/23,共进股份,12.82,-3.391107761869,0.078,-0.187561,100.9288352492,100.9288352492,7.87276406,7.87276406
000852.SH,002832.SZ,2025/9/23,比音勒芬,15.77,-1.4375,0.07100000000000001,-0.072372,61.4112633868,90.0005071468,3.89418284,5.70707084
000852.SH,601900.SH,2025/9/23,南方传媒,12.62,-1.019607843137,0.063,-0.045549,111.30462586280001,111.3046258628,8.81970094,8.81970094
000852.SH,002979.SZ,2025/9/23,雷赛智能,48.24,-2.800725367721,0.105,-0.208529,106.601309172,151.5415445928,2.20981155,3.14140847
000852.SH,601606.SH,2025/9/23,长城军工,44.65,-4.225654225654,0.312,-0.934879,323.3679806,323.3679806,7.242284,7.242284
000852.SH,603690.SH,2025/9/23,至纯科技,29.76,2.268041237113,0.09,0.144744,113.9701608,114.17264784,3.8296425,3.8364465
000852.SH,300470.SZ,2025/9/23,中密控股,36.73,-0.622294372294,0.08099999999999999,-0.035743,72.4718473005,76.3843460001,1.97309685,2.07961737
000852.SH,603317.SH,2025/9/23,天味食品,11.53,-0.603448275862,0.048,-0.020539,122.7940726982,122.7940726982,10.64996294,10.64996294
000852.SH,603108.SH,2025/9/23,润达医疗,15.78,-3.011677934849,0.106,-0.226371,95.2582208592,95.2582208592,6.03664264,6.03664264
000852.SH,603508.SH,2025/9/23,思维列控,32.33,-0.154416306362,0.08099999999999999,-0.008869,123.2660060841,123.2660060841,3.81274377,3.81274377
000852.SH,002777.SZ,2025/9/23,久远银海,18.35,-2.652519893899,0.07100000000000001,-0.133544,74.2278585985,74.910395473,4.04511491,4.08231038
000852.SH,300456.SZ,2025/9/23,赛微电子,25.97,-4.871794871795,0.154,-0.532006,155.1575255566,190.1557508998,5.97449078,7.32213134
000852.SH,300468.SZ,2025/9/23,四方精创,37.95,-3.899721448468,0.243,-0.671965,201.0568476675,201.3813998625,5.29794065,5.30649275
000852.SH,603306.SH,2025/9/23,华懋科技,52.4,-1.243874858651,0.181,-0.159648,172.427710908,172.427710908,3.29060517,3.29060517
000852.SH,603169.SH,2025/9/23,兰石重装,8.02,2.557544757033,0.065,0.117881,104.76460219959999,104.7646021996,13.06291798,13.06291798
000852.SH,603033.SH,2025/9/23,三维股份,11.91,-3.640776699029,0.061,-0.157482,120.59244424379999,122.8115792814,10.12531018,10.31163554
000852.SH,300416.SZ,2025/9/23,苏试试验,17.81,2.063037249284,0.083,0.121421,89.9660473764,90.5723642486,5.05143444,5.08547806
000852.SH,603027.SH,2025/9/23,千禾味业,11.35,-1.986183074266,0.079,-0.111264,109.101033965,116.392103261,9.6124259,10.25481086
000852.SH,300482.SZ,2025/9/23,万孚生物,21.1,-1.124648547329,0.08,-0.063799,90.795701813,98.765884571,4.30311383,4.68084761
000852.SH,603678.SH,2025/9/23,火炬电子,37.57,-2.516865594188,0.14400000000000002,-0.256998,178.6703832667,178.6703832667,4.75566631,4.75566631
000852.SH,603444.SH,2025/9/23,吉比特,578.99,4.099318578184,0.247,0.717985,417.1107706799,417.1107706799,0.72041101,0.72041101
000852.SH,603043.SH,2025/9/23,广州酒家,16.23,-2.988643156007,0.048,-0.101724,92.3115016515,92.3115016515,5.68770805,5.68770805
000852.SH,603026.SH,2025/9/23,石大胜华,40.63,-2.799043062201,0.066,-0.130997,82.348884,94.5464219882,2.0268,2.32701014
000852.SH,603299.SH,2025/9/23,苏盐井神,10.61,1.531100478469,0.043,0.046685,82.4659592195,82.9339352322,7.77247495,7.81658202
000852.SH,300525.SZ,2025/9/23,博思软件,13.71,-2.071428571429,0.10300000000000001,-0.151291,85.2542286282,103.9506310332,6.21839742,7.58210292
000852.SH,300570.SZ,2025/9/23,太辰光,116.52,0.051519835137,0.27699999999999997,0.01012,223.9433103996,264.6482254284,1.92193023,2.27126867
000852.SH,603300.SH,2025/9/23,海南华铁,9.54,-3.83064516129,0.21,-0.570424,190.4637976164,190.4637976164,19.96475866,19.96475866
000852.SH,300428.SZ,2025/9/23,立中集团,23.5,-2.489626556017,0.068,-0.120047,130.929032935,150.28174565,5.57144821,6.3949679
000852.SH,300446.SZ,2025/9/23,航天智造,16.63,-1.53937240971,0.077,-0.084051,62.123056437299994,140.5917014593,3.73560171,8.45410111
000852.SH,300493.SZ,2025/9/23,润欣科技,23.97,-1.762295081967,0.123,-0.153706,121.4176492659,122.8642387659,5.06540047,5.12575047
000852.SH,603505.SH,2025/9/23,金石资源,16.85,-0.707130229817,0.092,-0.046131,141.8211949905,141.8211949905,8.41668813,8.41668813
000852.SH,603888.SH,2025/9/23,新华网,19.23,-1.536098310292,0.07100000000000001,-0.077336,129.7521497064,129.7521497064,6.74738168,6.74738168
000852.SH,601163.SH,2025/9/23,三角轮胎,13.71,-0.145666423889,0.055999999999999994,-0.005784,109.68,109.68,8,8
000852.SH,603983.SH,2025/9/23,丸美生物,39.84,1.814464605162,0.041,0.052752,159.7584,159.7584,4.01,4.01
000852.SH,300451.SZ,2025/9/23,创业慧康,4.81,-2.0366598778,0.083,-0.119868,73.43397033699999,74.5128976852,15.2669377,15.49124692
000852.SH,300457.SZ,2025/9/23,赢合科技,35.22,4.078014184397,0.127,0.367248,224.57147498759997,228.6115101186,6.37624858,6.49095713
000852.SH,300459.SZ,2025/9/23,汤姆猫,4.93,-3.333333333333,0.251,-0.59328,162.05863728219998,173.3294792927,32.87193454,35.15810939
000852.SH,300548.SZ,2025/9/23,长芯博创,123.74,-3.448813982522,0.359,-0.877953,332.6322724772,360.2170119772,2.68815478,2.91107978
000852.SH,603323.SH,2025/9/23,苏农银行,5.01,0.602409638554,0.133,0.056813,101.12892599370001,101.1289259937,20.18541437,20.18541437
000852.SH,601969.SH,2025/9/23,海南矿业,7.97,-4.091456077016,0.061,-0.176976,157.6542542286,159.2603856047,19.78096038,19.98248251
000852.SH,600908.SH,2025/9/23,无锡银行,5.89,0.856164383562,0.117,0.071031,117.7595159685,129.2667518355,19.99312665,21.94681695
000852.SH,002839.SZ,2025/9/23,张家港行,4.34,0.462962962963,0.11,0.036112,105.986446685,106.0845718716,24.42084025,24.44344974
000852.SH,002807.SZ,2025/9/23,江阴银行,4.54,0.442477876106,0.147,0.046123,111.59394487780001,111.7472326206,24.58016407,24.61392789
000852.SH,002840.SZ,2025/9/23,华统股份,11.19,-1.06100795756,0.044000000000000004,-0.033104,70.4929448559,90.0865377267,6.29963761,8.05062893
000852.SH,300657.SZ,2025/9/23,弘信电子,34.4,-2.714932126697,0.169,-0.325351,161.202889544,165.999180064,4.68613051,4.82555756
000852.SH,002833.SZ,2025/9/23,弘亚数控,16.82,-1.866977829638,0.045,-0.059574,48.535496977200005,71.3557041554,2.88558246,4.24231297
000852.SH,300624.SZ,2025/9/23,万兴科技,70.26,-3.422680412371,0.152,-0.368907,120.3084575616,135.8381012424,1.71233216,1.93336324
000852.SH,603218.SH,2025/9/23,日月股份,12.82,0.627943485086,0.083,0.036958,131.79424725,132.09936325,10.2803625,10.3041625
000852.SH,603877.SH,2025/9/23,太平鸟,14.42,0.768693221523,0.025,0.013627,67.6764091892,67.9290728242,4.69323226,4.71075401
000852.SH,603638.SH,2025/9/23,艾迪精密,18.51,-1.121794871795,0.059000000000000004,-0.046932,153.83446617180002,153.8344661718,8.31088418,8.31088418
000852.SH,002960.SZ,2025/9/23,青鸟消防,13.02,0.540540540541,0.059000000000000004,0.022615,96.5717763024,113.1879310296,7.41718712,8.69338948
000852.SH,601020.SH,2025/9/23,华钰矿业,24.51,-2.969121140143,0.209,-0.440029,200.9733474798,200.9733474798,8.19964698,8.19964698
000852.SH,300682.SZ,2025/9/23,朗新集团,19.85,-4.978458592628,0.168,-0.593077,205.26279614700002,214.429096196,10.34069502,10.80247336
000852.SH,603039.SH,2025/9/23,泛微网络,56,-0.409034323315,0.101,-0.029295,145.93772088,145.93772088,2.60603073,2.60603073
000852.SH,601375.SH,2025/9/23,中原证券,4.42,-2.42825607064,0.16,-0.2755,152.38037074,205.21550374,34.475197,46.428847
000852.SH,603881.SH,2025/9/23,数据港,39.5,6.268496099005,0.179,0.795652,283.758914605,283.758914605,7.18376999,7.18376999
000852.SH,300580.SZ,2025/9/23,贝斯特,28.73,-1.945392491468,0.08499999999999999,-0.117255,135.2647400975,143.8062524145,4.70813575,5.00543865
000852.SH,300598.SZ,2025/9/23,诚迈科技,51.93,-3.529630317667,0.12,-0.300343,112.6470623175,112.6786181013,2.16920975,2.16981741
000852.SH,002867.SZ,2025/9/23,周大生,13.75,0.072780203785,0.073,0.003767,148.37581055,149.2526602875,10.79096804,10.85473893
000852.SH,603358.SH,2025/9/23,华达科技,42.7,-2.4,0.101,-0.171886,187.47008,200.580293452,4.3904,4.69743076
000852.SH,603360.SH,2025/9/23,百傲化学,25.11,-2.067082683307,0.116,-0.170029,177.33275951939999,177.3327595194,7.06223654,7.06223654
000852.SH,300576.SZ,2025/9/23,容大感光,39.09,0.77339520495,0.091,0.049906,90.94449120809999,143.2130838948,2.32654109,3.66367572
000852.SH,002847.SZ,2025/9/23,盐津铺子,66.65,-2.771699489424,0.101,-0.198506,163.7732217895,181.8076560535,2.45721263,2.72779679
000852.SH,300678.SZ,2025/9/23,中科信息,34.62,-3.133743704533,0.097,-0.215547,100.84058034899999,102.6089346366,2.91278395,2.96386293
000852.SH,300568.SZ,2025/9/23,星源材质,13.5,-2.031930333817,0.212,-0.305458,163.87265952,181.155371265,12.13871552,13.41891639
000852.SH,603337.SH,2025/9/23,杰克科技,46.78,-3.725046305824,0.11900000000000001,-0.31433,220.3521803298,222.8726867298,4.71039291,4.76427291
000852.SH,603393.SH,2025/9/23,新天然气,28.55,-0.661099512874,0.094,-0.044066,120.8296900005,121.0295388585,4.23221331,4.23921327
000852.SH,600996.SH,2025/9/23,贵广网络,10.88,10.010111223458,0.078,0.553656,135.65182411520001,135.6518241152,12.46799854,12.46799854
000852.SH,603920.SH,2025/9/23,世运电路,46.14,-2.473050095117,0.214,-0.375278,332.4603244338,332.4603244338,7.20546867,7.20546867
000852.SH,601952.SH,2025/9/23,苏垦农发,9.44,-0.526870389884,0.067,-0.025031,130.0832,130.0832,13.78,13.78
000852.SH,300593.SZ,2025/9/23,新雷能,18.04,-2.644360496492,0.108,-0.202512,81.2275355804,97.8667238076,4.50263501,5.42498469
000852.SH,002906.SZ,2025/9/23,华阳集团,33.2,0.973236009732,0.104,0.071773,174.209557556,174.272457612,5.24727583,5.24917041
000852.SH,603229.SH,2025/9/23,奥翔药业,10.44,-3.064066852368,0.058,-0.126018,86.683021938,86.683021938,8.30297145,8.30297145
000852.SH,002859.SZ,2025/9/23,洁美科技,31.17,-0.637551801084,0.083,-0.037523,126.42879066809999,134.3231426952,4.05610493,4.30937256
000852.SH,603127.SH,2025/9/23,昭衍新药,36.53,-6.044238683128,0.173,-0.741472,230.3151213584,273.7840701102,6.30482128,7.49477334
000852.SH,603496.SH,2025/9/23,恒为科技,32.25,0,0.084,0,103.2674808675,103.2674808675,3.20209243,3.20209243
000852.SH,300613.SZ,2025/9/23,富瀚微,51.19,-0.350399065602,0.078,-0.01938,112.18274525129999,118.9423980607,2.19149727,2.32354753
000852.SH,300618.SZ,2025/9/23,寒锐钴业,49.35,1.106330669945,0.11199999999999999,0.087864,133.896794073,152.1583830585,2.71320758,3.08324991
000852.SH,603056.SH,2025/9/23,德邦股份,15.92,-1.485148514851,0.061,-0.06424,162.3546097696,162.3546097696,10.19815388,10.19815388
000852.SH,300638.SZ,2025/9/23,广和通,30.48,-4.481353807584,0.186,-0.591057,162.43601244,233.3102396016,5.3292655,7.65453542
000852.SH,300602.SZ,2025/9/23,飞荣达,34.22,-2.949517867272,0.11900000000000001,-0.248889,135.3072053406,199.1136660882,3.95403873,5.81863431
000852.SH,300663.SZ,2025/9/23,科蓝软件,18.01,-2.54329004329,0.11800000000000001,-0.212806,80.6115308175,86.1688437393,4.47593175,4.78449993
000852.SH,300633.SZ,2025/9/23,开立医疗,34,-1.248910833575,0.089,-0.078819,147.1222177,147.1222177,4.32712405,4.32712405
000852.SH,300620.SZ,2025/9/23,光库科技,135.66,-1.845018450185,0.151,-0.197553,335.226285471,338.038327347,2.47107685,2.49180545
000852.SH,603619.SH,2025/9/23,中曼石油,18.57,-1.485411140584,0.09,-0.094797,85.85625220770001,85.8562522077,4.62338461,4.62338461
000852.SH,603093.SH,2025/9/23,南华期货,20.86,-2.931596091205,0.053,-0.110176,127.2597452798,127.2597452798,6.10065893,6.10065893
000852.SH,603063.SH,2025/9/23,禾望电气,34.14,0.058616647128,0.21,0.008729,155.1908992356,155.1908992356,4.54572054,4.54572054
000852.SH,688208.SH,2025/9/23,道通科技,36.7,-2.729923138086,0.248,-0.480075,245.957306332,245.957306332,6.70183396,6.70183396
000852.SH,603055.SH,2025/9/23,台华新材,9.12,-0.977198697068,0.032,-0.022174,80.8835958096,81.1946881296,8.86881533,8.90292633
000852.SH,300953.SZ,2025/9/23,震裕科技,162.34,-1.558425808016,0.183,-0.202229,202.52498449959998,281.6237485054,1.24753594,1.73477731
000852.SH,301153.SZ,2025/9/23,中科江南,23.02,-1.875532821824,0.047,-0.062507,75.7887478416,81.226203516,3.29230008,3.5285058
000852.SH,300685.SZ,2025/9/23,艾德生物,22.4,-0.753212228622,0.08,-0.042728,87.269809312,87.704096256,3.89597363,3.91536144
000852.SH,300641.SZ,2025/9/23,正丹股份,22.3,-0.535236396075,0.08,-0.030363,118.788157806,118.788157806,5.32682322,5.32682322
000852.SH,601949.SH,2025/9/23,中国出版,6.77,-1.598837209302,0.05,-0.056687,128.8986372558,128.8986372558,19.03968054,19.03968054
000852.SH,601619.SH,2025/9/23,嘉泽新能,4.55,-0.871459694989,0.059000000000000004,-0.036459,110.77018953,110.77018953,24.3450966,24.3450966
000852.SH,300655.SZ,2025/9/23,晶瑞电材,14.35,5.205278592375,0.125,0.461382,145.069128015,153.9714078105,10.1093469,10.72971483
000852.SH,300660.SZ,2025/9/23,江苏雷利,59.6,0.573742828215,0.11499999999999999,0.046787,266.280025932,266.493382608,4.46778567,4.47136548
000852.SH,300666.SZ,2025/9/23,江丰电子,82.35,1.441241685144,0.214,0.218704,182.12288255549998,218.4915824505,2.21157113,2.65320683
000852.SH,003006.SZ,2025/9/23,百亚股份,27.62,-1.917613636364,0.066,-0.089745,118.37185293299999,118.668719598,4.28572965,4.2964779
000852.SH,688631.SH,2025/9/23,莱斯信息,88.94,-4.345020434502,0.053,-0.163296,57.695378,145.390218,0.6487,1.6347
000852.SH,603919.SH,2025/9/23,金徽酒,20.27,-1.218323586745,0.06999999999999999,-0.060474,102.8216013919,102.8216013919,5.07259997,5.07259997
000852.SH,300693.SZ,2025/9/23,盛弘股份,37.94,-1.017479780851,0.122,-0.088022,102.002837685,118.6747352462,2.68853025,3.12795823
000852.SH,300761.SZ,2025/9/23,立华股份,22.51,0.491071428571,0.083,0.028902,141.366430863,188.4693961891,6.2801613,8.37269641
000852.SH,603305.SH,2025/9/23,旭升集团,18.01,6.884272997033,0.086,0.41982,171.692555591,171.692555591,9.5331791,9.5331791
000852.SH,002881.SZ,2025/9/23,美格智能,48.7,-3.00736904999,0.092,-0.196192,89.00639429,127.8990568,1.8276467,2.626264
000852.SH,603348.SH,2025/9/23,文灿股份,22.14,0.499319110304,0.051000000000000004,0.018057,69.6252503088,69.6252503088,3.14477192,3.14477192
000852.SH,002891.SZ,2025/9/23,中宠股份,52.03,-1.364928909953,0.11199999999999999,-0.108401,158.366973281,158.367051326,3.0437627,3.0437642
000852.SH,300672.SZ,2025/9/23,国科微,94.61,-0.703190596138,0.185,-0.092247,199.0004610721,205.4367897792,2.10337661,2.17140672
000852.SH,002897.SZ,2025/9/23,意华股份,49.75,-3.641293821422,0.068,-0.175579,90.7565434675,96.45564626,1.82425213,1.93880696
000852.SH,002895.SZ,2025/9/23,川恒股份,25.51,-1.695568400771,0.11800000000000001,-0.141874,152.1994923433,155.0157708333,5.96626783,6.07666683
000852.SH,002901.SZ,2025/9/23,大博医疗,52.43,-2.853437094682,0.056999999999999995,-0.115332,151.26988149139999,217.0704269958,2.88517798,4.14019506
000852.SH,603083.SH,2025/9/23,剑桥科技,114.95,-0.751165601796,0.313,-0.16672,308.0888072295,308.0888072295,2.68019841,2.68019841
000852.SH,300687.SZ,2025/9/23,赛意信息,25.83,-2.380952380952,0.106,-0.178963,85.00302719369999,105.492718863,3.29086439,4.0841161
000852.SH,002892.SZ,2025/9/23,科力尔,15.6,-2.316844082655,0.06899999999999999,-0.113358,75.433510308,116.02514976,4.83548143,7.4375096
000852.SH,603533.SH,2025/9/23,掌阅科技,19.18,-1.641025641026,0.07100000000000001,-0.082619,84.180412953,84.180412953,4.38896835,4.38896835
000852.SH,603283.SH,2025/9/23,赛腾股份,48.53,6.917823309099,0.083,0.40715,131.8641742019,135.2001264019,2.71716823,2.78590823
000852.SH,300723.SZ,2025/9/23,一品红,59,-3.610521156674,0.149,-0.381472,246.4236421,266.49873194,4.1766719,4.51692766
000852.SH,601068.SH,2025/9/23,中铝国际,4.63,-1.279317697228,0.019,-0.017236,118.50904788209999,138.3368191621,25.59590667,29.87836267
000852.SH,605296.SH,2025/9/23,神农集团,31.23,-0.951474785918,0.029,-0.019566,163.8214677414,163.8214677414,5.24564418,5.24564418
000852.SH,603103.SH,2025/9/23,横店影视,16.05,-3.545673076923,0.016,-0.040228,101.7891,101.7891,6.342,6.342
000852.SH,688639.SH,2025/9/23,华恒生物,32.2,-2.630783187179,0.06999999999999999,-0.130584,80.537253146,80.537253146,2.50115693,2.50115693
000852.SH,002929.SZ,2025/9/23,润建股份,50.08,-2.511193303485,0.096,-0.170946,105.4488200944,142.2688084672,2.10560743,2.84083084
000852.SH,001227.SZ,2025/9/23,兰州银行,2.41,0.416666666667,0.123,0.036341,101.51282150700001,137.2663017488,42.1215027,56.95697168
000852.SH,600933.SH,2025/9/23,爱柯迪,23.59,3.920704845815,0.121,0.3364,230.5615068043,232.3902036043,9.77369677,9.85121677
000852.SH,300702.SZ,2025/9/23,天宇股份,25.6,-1.76515732924,0.046,-0.057577,54.058107648000004,89.082152704,2.11164483,3.47977159
000852.SH,603583.SH,2025/9/23,捷昌驱动,43.59,0.78612716763,0.10200000000000001,0.056859,166.6214476845,166.6214476845,3.82246955,3.82246955
000852.SH,002913.SZ,2025/9/23,奥士康,43.58,2.710346452981,0.049,0.094173,131.4743988292,138.3057076432,3.01685174,3.17360504
000852.SH,002925.SZ,2025/9/23,盈趣科技,21.52,10.020449897751,0.07200000000000001,0.511595,158.4247935032,167.3054719168,7.36174691,7.77441784
000852.SH,300726.SZ,2025/9/23,宏达电子,38.83,-1.969199697046,0.08,-0.111709,83.2664396509,159.9174118135,2.14438423,4.11839845
000852.SH,300705.SZ,2025/9/23,九典制药,17.12,-2.561183836084,0.06899999999999999,-0.125313,63.3082477904,85.636355176,3.69791167,5.00212355
000852.SH,300827.SZ,2025/9/23,上能电气,33.35,5.337965887555,0.093,0.352019,127.845189983,167.532512394,3.83343898,5.02346364
000852.SH,300777.SZ,2025/9/23,中简科技,35.36,-0.394366197183,0.172,-0.048099,149.7903562896,155.4805850832,4.23615261,4.39707537
000852.SH,601528.SH,2025/9/23,瑞丰银行,5.35,0.75329566855,0.13699999999999998,0.07318,92.79342478299999,104.9756346325,17.34456538,19.62161395
000852.SH,300674.SZ,2025/9/23,宇信科技,24.47,-2.819698173153,0.192,-0.383893,172.02698623650002,172.282762582,7.03011795,7.0405706
000852.SH,601860.SH,2025/9/23,紫金银行,2.87,0.34965034965,0.109,0.027025,101.9300150029,105.0702632721,35.51568467,36.60984783
000852.SH,002948.SZ,2025/9/23,青岛银行,4.84,0.833333333333,0.129,0.076228,150.6411963408,281.7051686416,31.12421412,58.20354724
000852.SH,600903.SH,2025/9/23,贵州燃气,6.83,-0.582241630277,0.04,-0.016515,78.5456234424,78.5456234424,11.50009128,11.50009128
000852.SH,002936.SZ,2025/9/23,郑州银行,2.02,0,0.128,0,135.3527869434,183.6602454316,67.00633017,90.92091358
000852.SH,603871.SH,2025/9/23,嘉友国际,14.11,5.534779356769,0.10200000000000001,0.40032,193.02602164380002,193.0260216438,13.68008658,13.68008658
000852.SH,688106.SH,2025/9/23,金宏气体,19.05,2.035350830209,0.068,0.098142,91.816722894,91.816722894,4.81977548,4.81977548
000852.SH,300738.SZ,2025/9/23,奥飞数据,23.02,-0.647388864912,0.231,-0.106044,226.72135572,226.7855732328,9.848886,9.85167564
000852.SH,300718.SZ,2025/9/23,长盛轴承,91.8,-2.142628717621,0.13699999999999998,-0.208149,177.94698629400003,274.27914954,1.93842033,2.9877903
000852.SH,300634.SZ,2025/9/23,彩讯股份,25.74,-3.160270880361,0.099,-0.221854,111.8592189,116.14168566,4.345735,4.512109
000852.SH,002928.SZ,2025/9/23,华夏航空,9.51,-1.552795031056,0.08800000000000001,-0.096896,121.5601651425,121.560771405,12.78235175,12.7824155
000852.SH,300773.SZ,2025/9/23,拉卡拉,24.43,-2.978554408261,0.194,-0.409745,179.3981413959,192.52855475,7.34335413,7.880825
000852.SH,603733.SH,2025/9/23,仙鹤股份,24.46,3.864118895966,0.066,0.180843,172.68175748439998,172.6817574844,7.05976114,7.05976114
000852.SH,300725.SZ,2025/9/23,药石科技,40.58,-2.709182450252,0.08800000000000001,-0.169055,80.9556326272,93.5733501734,1.99496384,2.30589823
000852.SH,601200.SH,2025/9/23,上海环境,7.96,-0.624219725343,0.06999999999999999,-0.030984,107.15992797959998,107.1599279796,13.46230251,13.46230251
000852.SH,002978.SZ,2025/9/23,安宁股份,30.8,-1.408450704225,0.029,-0.028963,113.95690706399999,145.372907064,3.69989958,4.71989958
000852.SH,300783.SZ,2025/9/23,三只松鼠,24.12,-3.132530120482,0.079,-0.175481,67.59820548,96.88085028,2.802579,4.016619
000852.SH,603477.SH,2025/9/23,巨星农牧,20.44,-1.636188642926,0.067,-0.077735,104.25837606520001,104.2583760652,5.10070333,5.10070333
000852.SH,301219.SZ,2025/9/23,腾远钴业,65.72,-3.352941176471,0.099,-0.235379,189.9027940792,193.6881320104,2.88957386,2.94717182
000852.SH,603279.SH,2025/9/23,景津装备,15.86,-0.439422473321,0.068,-0.021188,91.4127578,91.4260802,5.76373,5.76457
000852.SH,603516.SH,2025/9/23,淳中科技,156.58,-2.1375,0.178,-0.269794,318.2743396582,318.2743396582,2.03266279,2.03266279
000852.SH,688029.SH,2025/9/23,南微医学,90.3,-1.429974893571,0.128,-0.129791,169.626222066,169.626222066,1.87847422,1.87847422
000852.SH,603267.SH,2025/9/23,鸿远电子,57.1,-1.142659279778,0.11900000000000001,-0.096421,131.947189332,131.947189332,2.31080892,2.31080892
000852.SH,300747.SZ,2025/9/23,锐科激光,26.34,-3.587115666179,0.13699999999999998,-0.348476,134.1426773028,148.7689761294,5.09273642,5.64802491
000852.SH,601869.SH,2025/9/23,长飞光纤,117.27,1.726231783484,0.13899999999999998,0.170146,476.5129408278,888.7953201516,4.06338314,7.57905108
000852.SH,603693.SH,2025/9/23,江苏新能,12.65,0.158353127474,0.029,0.003256,112.77169882,112.77169882,8.9147588,8.9147588
000852.SH,301035.SZ,2025/9/23,润丰股份,73.92,-1.466275659824,0.109,-0.113331,207.2308569408,207.5459039808,2.80344774,2.80770974
000852.SH,300768.SZ,2025/9/23,迪普科技,19.32,1.73775671406,0.046,0.056683,81.2730013788,124.3877703348,4.20667709,6.43829039
000852.SH,603220.SH,2025/9/23,中贝通信,24.94,-0.637450199203,0.10300000000000001,-0.046558,108.30249668479999,108.3024966848,4.34252192,4.34252192
000852.SH,603297.SH,2025/9/23,永新光学,118.01,-2.471074380165,0.044000000000000004,-0.077098,130.67141091,130.91639967,1.107291,1.109367
000852.SH,688543.SH,2025/9/23,国科军工,48.06,-2.317073170732,0.09,-0.147873,55.731350656800004,100.3694786568,1.15962028,2.08842028
000852.SH,603876.SH,2025/9/23,鼎胜新材,10.47,-2.513966480447,0.07100000000000001,-0.126568,97.2942772011,97.2942772011,9.29267213,9.29267213
000852.SH,603713.SH,2025/9/23,密尔克卫,64.55,-1.224177505738,0.079,-0.068577,102.07107919799999,102.071079198,1.58127156,1.58127156
000852.SH,002941.SZ,2025/9/23,新疆交建,17.4,3.26409495549,0.063,0.145818,124.979645028,124.979645028,7.18273822,7.18273822
000852.SH,300775.SZ,2025/9/23,三角防务,23.76,-1.205821205821,0.131,-0.112011,126.30232359360001,130.09534956,5.31575436,5.4753935
000852.SH,300776.SZ,2025/9/23,帝尔激光,71.21,-2.50547645126,0.131,-0.232739,119.34859732950001,194.8024505646,1.67600895,2.73560526
000852.SH,603662.SH,2025/9/23,柯力传感,75.56,-1.921079958463,0.127,-0.173004,212.1950482608,212.1950482608,2.80829868,2.80829868
000852.SH,603915.SH,2025/9/23,国茂股份,17.26,-0.346420323326,0.055,-0.013511,113.33476604799999,113.334766048,6.5663248,6.5663248
000852.SH,300811.SZ,2025/9/23,铂科新材,74.9,-2.979274611399,0.133,-0.280976,177.770105485,216.846785183,2.37343265,2.89515067
000852.SH,003012.SZ,2025/9/23,东鹏控股,7.03,-1.12517580872,0.052,-0.041489,80.45907099680001,81.3357754074,11.44510256,11.56981158
000852.SH,603613.SH,2025/9/23,国联股份,29.59,-1.333777925975,0.183,-0.173078,213.20713886669998,213.2071388667,7.20537813,7.20537813
000852.SH,002946.SZ,2025/9/23,新乳业,16.69,-1.301005322295,0.042,-0.038747,141.9832738519,143.6469686016,8.50708651,8.60676864
000852.SH,002947.SZ,2025/9/23,恒铭达,46.43,0.934782608696,0.1,0.066285,89.33392425870001,118.9579947048,1.92405609,2.56209336
000852.SH,002967.SZ,2025/9/23,广电计量,18.42,-1.233243967828,0.077,-0.067336,99.54235067219999,107.4338848332,5.40403641,5.83245846
000852.SH,300762.SZ,2025/9/23,上海瀚讯,23.43,-1.966527196653,0.218,-0.303993,147.1323803796,147.1323803796,6.27965772,6.27965772
000852.SH,300772.SZ,2025/9/23,运达股份,17.94,-0.93870789619,0.095,-0.063236,125.18924868059999,141.160478277,6.97821899,7.86847705
000852.SH,601187.SH,2025/9/23,厦门银行,6.54,3.809523809524,0.11,0.297146,83.9766099042,172.5989638752,12.84046023,26.39127888
000852.SH,300770.SZ,2025/9/23,新媒股份,44.97,-1.359947356877,0.08099999999999999,-0.078111,102.45901437270001,102.4590143727,2.27838591,2.27838591
000852.SH,300779.SZ,2025/9/23,惠城环保,178.43,1.791317245707,0.367,0.466171,281.2594124102,351.7428524218,1.57630114,1.97132126
000852.SH,600929.SH,2025/9/23,雪天盐业,5.83,-0.171232876712,0.045,-0.005464,95.59016653340001,95.653489195,16.39625498,16.4071165
000852.SH,603327.SH,2025/9/23,福蓉科技,9.36,-3.405572755418,0.038,-0.091766,93.36534012,93.36534012,9.9749295,9.9749295
000852.SH,688300.SH,2025/9/23,联瑞新材,58.55,0.739848589126,0.07200000000000001,0.037773,141.380210745,141.380210745,2.4146919,2.4146919
000852.SH,603236.SH,2025/9/23,移远通信,100.81,-2.917950693374,0.28700000000000003,-0.593836,263.7770809974,263.7770809974,2.61657654,2.61657654
000852.SH,001236.SZ,2025/9/23,弘业期货,11.11,-2.372583479789,0.034999999999999996,-0.058884,84.2224411358,111.9641111358,7.58077778,10.07777778
000852.SH,603530.SH,2025/9/23,神马电力,31.75,0,0.032,0,135.720065745,137.0598525625,4.27464774,4.31684575
000852.SH,301015.SZ,2025/9/23,百洋医药,27.63,-2.916373858046,0.052,-0.107536,145.2100217445,145.2286719945,5.25552015,5.25619515
000852.SH,002959.SZ,2025/9/23,小熊电器,51.37,2.18818380744,0.041,0.063617,77.9303966837,80.6707668338,1.51704101,1.57038674
000852.SH,601963.SH,2025/9/23,重庆银行,9.16,0.992282249173,0.093,0.065437,172.15318848360002,318.2720405936,18.79401621,34.74585596
000852.SH,688006.SH,2025/9/23,杭可科技,39.98,6.329787234043,0.077,0.34561,241.34812636959998,241.3481263696,6.03672152,6.03672152
000852.SH,601609.SH,2025/9/23,金田股份,11.35,-3.5683942226,0.129,-0.326414,196.198202928,196.198202928,17.28618528,17.28618528
000852.SH,605090.SH,2025/9/23,九丰能源,32.77,1.612403100775,0.117,0.133772,221.96884517549998,222.4828052677,6.77353815,6.78922201
000852.SH,300821.SZ,2025/9/23,东岳硅材,9.24,-2.53164556962,0.074,-0.132844,110.8606653,110.88,11.9979075,12
000852.SH,300861.SZ,2025/9/23,美畅股份,16.52,0.731707317073,0.058,0.030093,69.6920796628,110.988040688,4.21864889,6.7184044
000852.SH,605111.SH,2025/9/23,新洁能,34.51,-0.576202823394,0.145,-0.059245,143.3312688717,143.3312688717,4.15332567,4.15332567
000852.SH,002985.SZ,2025/9/23,北摩高科,26.44,0,0.062,0,46.4473576692,87.74209184,1.75670793,3.318536
000852.SH,601975.SH,2025/9/23,招商南油,3.07,-1.602564102564,0.14200000000000002,-0.161365,147.4169837436,147.4169837436,48.01856148,48.01856148
000852.SH,605333.SH,2025/9/23,沪光股份,39.27,8.331034482759,0.054,0.319007,171.52196700870002,171.5219670087,4.36776081,4.36776081
000852.SH,601778.SH,2025/9/23,晶科科技,3.67,-2.393617021277,0.159,-0.269873,131.0547410657,131.0547410657,35.70973871,35.70973871
000852.SH,601702.SH,2025/9/23,华峰铝业,16.64,-2.633118782914,0.067,-0.125099,166.15549184,166.15549184,9.985306,9.985306
000852.SH,601827.SH,2025/9/23,三峰环境,8.47,-0.117924528302,0.053,-0.004432,141.61275051,141.61275051,16.719333,16.719333
000852.SH,300841.SZ,2025/9/23,康华生物,74.25,-1.590457256461,0.087,-0.098118,88.3049866875,96.4855725075,1.18929275,1.29946899
000852.SH,688123.SH,2025/9/23,聚辰股份,120,11.224395217351,0.122,0.971023,189.9252528,189.9252528,1.58271044,1.58271044
000852.SH,688321.SH,2025/9/23,微芯生物,32.19,-1.408882082695,0.13,-0.129875,131.2696859463,131.2696859463,4.07796477,4.07796477
000852.SH,002993.SZ,2025/9/23,奥海科技,46.82,0.149732620321,0.086,0.009131,111.6408540306,129.241928,2.38446933,2.7604
000852.SH,002987.SZ,2025/9/23,京北方,21.12,-3.561643835616,0.107,-0.270235,178.13550458880002,183.1858936512,8.43444624,8.67357451
000852.SH,688005.SH,2025/9/23,容百科技,27.7,0.471527022125,0.154,0.051491,197.949394304,197.97895519,7.14618752,7.1472547
000852.SH,688116.SH,2025/9/23,天奈科技,56.75,-2.323580034423,0.187,-0.30811,195.640797845,207.94098693,3.44741494,3.66415836
000852.SH,688018.SH,2025/9/23,乐鑫科技,204.23,2.417130535078,0.255,0.437066,320.0339691406,320.0339691406,1.56702722,1.56702722
000852.SH,688019.SH,2025/9/23,安集科技,195.29,1.872717788211,0.257,0.341281,329.1696104482,329.1696104482,1.68554258,1.68554258
000852.SH,688001.SH,2025/9/23,华兴源创,31.6,-0.031635558368,0.032,-0.000718,140.73939838799998,140.739398388,4.45377843,4.45377843
000852.SH,688088.SH,2025/9/23,虹软科技,56.36,-4.149659863946,0.169,-0.497286,226.09963744,226.09963744,4.011704,4.011704
000852.SH,688007.SH,2025/9/23,光峰科技,21.1,-2.450300508553,0.08800000000000001,-0.152901,96.917455785,96.917455785,4.59324435,4.59324435
000852.SH,688016.SH,2025/9/23,心脉医疗,106.16,-1.228135467064,0.1,-0.087087,130.8550634072,130.8550634072,1.23262117,1.23262117
000852.SH,688097.SH,2025/9/23,博众精工,38,-1.401141670991,0.06,-0.059613,169.1033307,169.7261507,4.45008765,4.46647765
000852.SH,688003.SH,2025/9/23,天准科技,57.25,-2.520006810829,0.07100000000000001,-0.126872,111.14314625,111.14314625,1.941365,1.941365
000852.SH,688139.SH,2025/9/23,海尔生物,32,-1.900674432863,0.078,-0.105126,101.74480256,101.74480256,3.17952508,3.17952508
000852.SH,688333.SH,2025/9/23,铂力特,74.86,-3.031088082902,0.215,-0.462108,205.3575794564,205.3575794564,2.74322174,2.74322174
000852.SH,688166.SH,2025/9/23,博瑞医药,74.02,-9.511002444988,0.356,-2.40095,312.9330542088,312.9330542088,4.22768244,4.22768244
000852.SH,002991.SZ,2025/9/23,甘源食品,54.93,-1.400107700592,0.027,-0.026806,27.4285847058,51.2034559683,0.49933706,0.93215831
000852.SH,688389.SH,2025/9/23,普门科技,13.84,-1.424501424501,0.045,-0.045455,59.302425031999995,59.302425032,4.2848573,4.2848573
000852.SH,605168.SH,2025/9/23,三人行,29.97,-1.608667104399,0.044000000000000004,-0.050191,63.1818507042,63.1818507042,2.10816986,2.10816986
000852.SH,003009.SZ,2025/9/23,中天火箭,49.26,-2.551928783383,0.047,-0.08505,76.5466060854,76.5469952394,1.55393029,1.55393819
000852.SH,300850.SZ,2025/9/23,新强联,38.52,-0.593548387097,0.10300000000000001,-0.043351,113.62121521200001,157.2640443252,2.9496681,4.08265951
000852.SH,688128.SH,2025/9/23,中国电研,29.59,-2.760433782452,0.027,-0.05285,119.69155,119.69155,4.045,4.045
000852.SH,300855.SZ,2025/9/23,图南股份,27.73,-2.94014700735,0.07200000000000001,-0.15011,81.2367370674,109.68088495,2.92956138,3.955315
000852.SH,300910.SZ,2025/9/23,瑞丰新材,56.16,-1.369863013699,0.11399999999999999,-0.110736,116.52417635040001,166.1972521248,2.07486069,2.95935278
000852.SH,300856.SZ,2025/9/23,科思股份,13.32,-3.267973856209,0.034999999999999996,-0.081106,60.812954838,63.3615153264,4.56553715,4.75687052
000852.SH,688200.SH,2025/9/23,华峰测控,207.7,10.022248119504,0.17500000000000002,1.243684,281.502508325,281.502508325,1.35533225,1.35533225
000852.SH,003021.SZ,2025/9/23,兆威机电,139.3,-1.526933408737,0.146,-0.158081,288.10707177,334.5937245,2.0682489,2.401965
000852.SH,605222.SH,2025/9/23,起帆电缆,18.34,1.046831955923,0.026,0.0193,75.7260478016,75.7260478016,4.12901024,4.12901024
000852.SH,605116.SH,2025/9/23,奥锐特,22.15,-1.116071428571,0.034999999999999996,-0.027699,89.51196733100001,89.972244331,4.04117234,4.06195234
000852.SH,605009.SH,2025/9/23,豪悦护理,33.08,-0.660660660661,0.043,-0.020144,70.996176912,71.144375312,2.1461964,2.1506764
000852.SH,300870.SZ,2025/9/23,欧陆通,216.49,-0.239620293996,0.17700000000000002,-0.030075,237.82361087330003,237.8236108733,1.09854317,1.09854317
000852.SH,605123.SH,2025/9/23,派克新材,69.56,-1.179144764881,0.056999999999999995,-0.047659,84.2864724752,84.2864724752,1.21170892,1.21170892
000852.SH,688266.SH,2025/9/23,泽璟制药,105.09,-2.223669519911,0.23500000000000001,-0.370548,278.18183266740004,278.1818326674,2.64708186,2.64708186
000852.SH,601279.SH,2025/9/23,英利汽车,4.28,0.469483568075,0.016,0.005327,67.871640158,67.871640158,15.85785985,15.85785985
000852.SH,688408.SH,2025/9/23,中信博,44.67,-1.542869737712,0.077,-0.084242,97.85673127620001,97.8567312762,2.19065886,2.19065886
000852.SH,688165.SH,2025/9/23,埃夫特,25.79,-3.624813153961,0.064,-0.164502,134.567062,134.567062,5.2178,5.2178
000852.SH,688516.SH,2025/9/23,奥特维,46.2,-3.14465408805,0.08,-0.17839,145.357391256,145.620584802,3.14626388,3.15196071
000852.SH,300917.SZ,2025/9/23,特发服务,44.61,-4.903005755702,0.04,-0.139069,75.3909,75.3909,1.69,1.69
000852.SH,605011.SH,2025/9/23,杭州热电,22.65,0.221238938053,0.022000000000000002,0.003451,90.62265,90.62265,4.001,4.001
000852.SH,688612.SH,2025/9/23,威迈斯,39.56,-0.252143217347,0.125,-0.022349,100.60965463,166.5306453752,2.54321675,4.20957142
000852.SH,605376.SH,2025/9/23,博迁新材,54.21,-1.846822379142,0.096,-0.12572,141.81336,141.81336,2.616,2.616
000852.SH,600916.SH,2025/9/23,中国黄金,8.35,-0.35799522673,0.086,-0.021831,140.28,140.28,16.8,16.8
000852.SH,300926.SZ,2025/9/23,博俊科技,31.68,4.14201183432,0.047,0.138044,89.74680770879999,137.5891460064,2.83291691,4.34309173
000852.SH,688177.SH,2025/9/23,百奥泰,29.02,-3.137516688919,0.05,-0.111241,120.166016,120.166016,4.1408,4.1408
000852.SH,688037.SH,2025/9/23,芯源微,131.43,2.05777294611,0.249,0.363332,264.9987551328,264.9987551328,2.01627296,2.01627296
000852.SH,688567.SH,2025/9/23,孚能科技,20.4,-2.252036415908,0.168,-0.268282,249.30919254,249.30919254,12.22103885,12.22103885
000852.SH,603171.SH,2025/9/23,税友股份,49.15,-2.711797307997,0.086,-0.165372,199.494935,199.7185675,4.0589,4.06345
000852.SH,300913.SZ,2025/9/23,兆龙互连,62.81,4.700783463911,0.073,0.243332,160.7005802743,196.4135674303,2.55851903,3.12710663
000852.SH,003039.SZ,2025/9/23,顺控发展,13.39,-1.034737620103,0.021,-0.015408,82.685757947,82.685757947,6.1751873,6.1751873
000852.SH,688185.SH,2025/9/23,康希诺,76.75,-4.385199950168,0.059000000000000004,-0.183463,88.0928817325,189.9177974825,1.14778999,2.47449899
000852.SH,688336.SH,2025/9/23,三生国健,53.26,2.580893682589,0.08099999999999999,0.148239,328.5001133518,328.5001133518,6.16785793,6.16785793
000852.SH,688658.SH,2025/9/23,悦康药业,23.35,-2.667778240934,0.077,-0.145662,105.075,105.075,4.5,4.5
000852.SH,688586.SH,2025/9/23,江航装备,10.8,-0.826446280992,0.048,-0.02813,85.464628848,85.464628848,7.91339156,7.91339156
000852.SH,001914.SZ,2025/9/23,招商积余,11.8,-1.420217209691,0.066,-0.066467,125.12031588,125.12083508,10.6034166,10.6034606
000852.SH,688050.SH,2025/9/23,爱博医疗,72.54,-4.678055190539,0.131,-0.434554,137.687854824,140.294663145,1.8980956,1.93403175
000852.SH,300925.SZ,2025/9/23,法本信息,25.5,-3.041825095057,0.095,-0.204911,89.134258815,109.320780975,3.49546113,4.28708945
000852.SH,688390.SH,2025/9/23,固德威,54.78,1.859427296393,0.106,0.139763,132.99101379299998,132.991013793,2.42772935,2.42772935
000852.SH,688556.SH,2025/9/23,高测股份,10.72,-2.100456621005,0.08499999999999999,-0.126602,89.05896572479999,89.0589657248,8.30773934,8.30773934
000852.SH,688559.SH,2025/9/23,海目星,40.29,-1.683748169839,0.08499999999999999,-0.101485,99.82211882760001,99.8221188276,2.47759044,2.47759044
000852.SH,688289.SH,2025/9/23,圣湘生物,19.63,-2.045908183633,0.092,-0.133469,113.7338655778,113.7338655778,5.79388006,5.79388006
000852.SH,688127.SH,2025/9/23,蓝特光学,32,-2.617163724893,0.087,-0.161457,129.021568,129.021568,4.031924,4.031924
000852.SH,300972.SZ,2025/9/23,万辰集团,168.43,-0.349071115844,0.23700000000000002,-0.058664,273.499884699,316.0000489266,1.6238193,1.87615062
000852.SH,688596.SH,2025/9/23,正帆科技,38.28,2.986279257466,0.12,0.254108,112.13109819120001,112.1310981912,2.92923454,2.92923454
000852.SH,301600.SZ,2025/9/23,慧翰股份,142.71,-2.240032881217,0.048,-0.076243,46.03610535,149.16548685,0.322585,1.045235
000852.SH,688083.SH,2025/9/23,中望软件,70.5,0,0.098,0,119.557105635,119.557105635,1.69584547,1.69584547
000852.SH,301029.SZ,2025/9/23,怡合达,31.4,-3.887358432813,0.086,-0.237061,145.030561466,199.139651568,4.61880769,6.34202712
000852.SH,301171.SZ,2025/9/23,易点天下,31.64,-3.829787234043,0.134,-0.363904,118.1397894964,149.304700342,3.73387451,4.71885905
000852.SH,688536.SH,2025/9/23,思瑞浦,159.4,0.302038761641,0.191,0.040908,211.36670173599998,216.224472526,1.32601444,1.35648979
000852.SH,688575.SH,2025/9/23,亚辉龙,14.26,-1.790633608815,0.065,-0.082533,81.34286168,81.34286168,5.704268,5.704268
000852.SH,688698.SH,2025/9/23,伟创电气,86,-0.589527222286,0.059000000000000004,-0.024664,183.86350564,183.86350564,2.13794774,2.13794774
000852.SH,688779.SH,2025/9/23,五矿新能,7,-2.234636871508,0.09,-0.142612,135.04532265,135.04532265,19.29218895,19.29218895
000852.SH,688696.SH,2025/9/23,极米科技,118.46,-3.345300261097,0.078,-0.185028,82.922,82.922,0.7,0.7
000852.SH,688739.SH,2025/9/23,成大生物,26.5,-1.340282948622,0.07200000000000001,-0.068428,110.35925,110.35925,4.1645,4.1645
000852.SH,688630.SH,2025/9/23,芯碁微装,156.11,3.727574750831,0.14400000000000002,0.380624,205.66043174759997,205.6604317476,1.31740716,1.31740716
000852.SH,688686.SH,2025/9/23,奥普特,142.79,-0.188732000559,0.066,-0.008833,174.5400061945,174.5400061945,1.22235455,1.22235455
000852.SH,605507.SH,2025/9/23,国邦医药,22.22,-0.670540902995,0.082,-0.038989,67.0426697292,124.1705817,3.01722186,5.588235
000852.SH,688131.SH,2025/9/23,皓元医药,76.33,-3.769541099344,0.108,-0.288682,161.8951926522,161.8951926522,2.12099034,2.12099034
000852.SH,688063.SH,2025/9/23,派能科技,57.88,-1.964769647696,0.11499999999999999,-0.16022,142.0139333212,142.0139333212,2.45359249,2.45359249
000852.SH,605020.SH,2025/9/23,永和股份,27.72,-0.929235167977,0.07200000000000001,-0.047442,134.41975359120002,136.6081744104,4.84919746,4.92814482
000852.SH,688690.SH,2025/9/23,纳微科技,25.92,-3.139013452915,0.087,-0.193651,104.66878708799999,104.668787088,4.03814765,4.03814765
000852.SH,688584.SH,2025/9/23,上海合晶,25.29,3.775133360689,0.065,0.174001,85.9324845897,168.2944174737,3.39788393,6.65458353
000852.SH,688660.SH,2025/9/23,电气风电,23.71,15.545808966862,0.161,1.774786,316.13334914,316.13334914,13.333334,13.333334
000852.SH,688147.SH,2025/9/23,微导纳米,49.68,4.435568635695,0.073,0.229604,50.2549381944,229.1029381944,1.01157283,4.61157283
000852.SH,688700.SH,2025/9/23,东威科技,40.19,-0.248200546041,0.098,-0.017248,119.927506584,119.927506584,2.9840136,2.9840136
000852.SH,605555.SH,2025/9/23,德昌股份,17.78,0.225479143179,0.042,0.006715,86.06747531200001,86.067475312,4.8406904,4.8406904
000852.SH,301069.SZ,2025/9/23,凯盛新材,21.8,-3.283052351375,0.047,-0.109416,85.447528084,91.699768084,3.91961138,4.20641138
000852.SH,301004.SZ,2025/9/23,嘉益股份,60.73,-1.66774611399,0.036000000000000004,-0.042573,81.684837916,88.3299126941,1.3450492,1.45446917
000852.SH,301061.SZ,2025/9/23,匠心家居,93.25,-2.171632396139,0.086,-0.132432,134.7317393675,202.89502477,1.44484439,2.17581796
000852.SH,301031.SZ,2025/9/23,中熔电气,108,-2.614968440036,0.068,-0.12609,74.3230944,106.1882784,0.6881768,0.9832248
000852.SH,301078.SZ,2025/9/23,孩子王,10.9,-3.024911032028,0.136,-0.291715,136.708348379,137.488229754,12.54205031,12.61359906
000852.SH,301087.SZ,2025/9/23,可孚医疗,38.51,-2.382762991128,0.052,-0.08786,74.804527402,80.4462347,1.9424702,2.08897
000852.SH,301071.SZ,2025/9/23,力量钻石,31.12,-3.503875968992,0.059000000000000004,-0.146591,60.5577047704,80.9967438056,1.94594167,2.60272313
000852.SH,301050.SZ,2025/9/23,雷电微力,46.86,-2.150762163291,0.12,-0.183012,97.4431502418,114.7094224848,2.07945263,2.44791768
000852.SH,688232.SH,2025/9/23,新点软件,26.5,-2.501839587932,0.049,-0.086929,87.45,87.45,3.3,3.3
000852.SH,301090.SZ,2025/9/23,华润材料,7.52,-1.827676240209,0.029,-0.037584,111.25156078559999,111.7741857456,14.79409053,14.86358853
000852.SH,301091.SZ,2025/9/23,深城交,33.2,-0.210399759543,0.091,-0.013577,175.05696,175.05696,5.2728,5.2728
000852.SH,301039.SZ,2025/9/23,中集车辆,8.86,-0.225225225225,0.082,-0.013096,128.6850765,166.047423612,14.524275,18.7412442
000852.SH,301239.SZ,2025/9/23,普瑞眼科,37.13,-1.902245706737,0.038,-0.051257,55.5535525224,55.5535525224,1.49619048,1.49619048
000852.SH,688766.SH,2025/9/23,普冉股份,106.5,-2.0509518992,0.084,-0.122164,157.67229363,157.67229363,1.48049102,1.48049102
000852.SH,688502.SH,2025/9/23,茂莱光学,452,-0.220750551876,0.11900000000000001,-0.018628,75.936,238.656,0.168,0.528
000852.SH,688091.SH,2025/9/23,上海谊众,59.2,-1.759044142051,0.107,-0.133465,121.614165136,122.36855488,2.05429333,2.0670364
000852.SH,301297.SZ,2025/9/23,富乐德,43.52,4.339486933589,0.078,0.240016,61.26467072,323.3570807296,1.407736,7.43007998
000852.SH,688276.SH,2025/9/23,百克生物,21.45,-1.965265082267,0.049,-0.068285,88.72955477100001,88.729554771,4.13657598,4.13657598
000852.SH,301047.SZ,2025/9/23,义翘神州,72.67,-3.531129696004,0.045,-0.112676,86.89923728069999,88.3934204114,1.19580621,1.21636742
000852.SH,603072.SH,2025/9/23,天和磁材,46.61,-4.035412806259,0.055,-0.157383,30.795227,123.180908,0.6607,2.6428
000852.SH,605599.SH,2025/9/23,菜百股份,14.12,0.929235167977,0.054,0.035582,109.82222536,109.82222536,7.777778,7.777778
000852.SH,688306.SH,2025/9/23,均普智能,13.52,-3.840682788051,0.073,-0.19881,166.06383456,166.06383456,12.282828,12.282828
000852.SH,688110.SH,2025/9/23,东芯股份,115.91,-5.641484858352,0.455,-1.820169,512.6116944977999,512.6116944978,4.42249758,4.42249758
000852.SH,688798.SH,2025/9/23,艾为电子,87.2,-0.864029104138,0.109,-0.066782,118.36810528,203.288170592,1.3574324,2.33128636
000852.SH,301177.SZ,2025/9/23,迪阿股份,33.61,-1.925882696236,0.019,-0.025947,134.4431341325,134.532276255,4.00009325,4.0027455
000852.SH,688776.SH,2025/9/23,国光电气,93.78,3.111599780099,0.045,0.099289,101.6419703382,101.6419703382,1.08383419,1.08383419
000852.SH,001309.SZ,2025/9/23,德明利,170.62,9.999355296241,0.133,0.943041,272.6081834852,387.1133572864,1.59775046,2.26886272
000852.SH,605577.SH,2025/9/23,龙版传媒,14.11,-1.535240753664,0.023,-0.025039,62.711111189499995,62.7111111895,4.44444445,4.44444445
000852.SH,601089.SH,2025/9/23,福元医药,22.31,-7.080383173678,0.044000000000000004,-0.22091,107.088,107.088,4.8,4.8
000852.SH,301339.SZ,2025/9/23,通行宝,15.55,-1.332487309645,0.038,-0.035905,26.1334651295,90.24183126,1.68060869,5.8033332
000852.SH,301155.SZ,2025/9/23,海力风电,88.08,0.951289398281,0.082,0.055314,108.6459718368,191.4784138224,1.23349196,2.17391478
000852.SH,301217.SZ,2025/9/23,铜冠铜箔,34.13,4.886293792256,0.10300000000000001,0.356881,282.9430051672,282.9430051672,8.29015544,8.29015544
000852.SH,688327.SH,2025/9/23,云从科技,16.79,-3.78223495702,0.178,-0.477392,139.934750616,174.372296508,8.3344104,10.3854852
000852.SH,301207.SZ,2025/9/23,华兰疫苗,17.04,-1.956271576525,0.04,-0.055488,102.35044476,102.415086,6.0064815,6.010275
000852.SH,688343.SH,2025/9/23,云天励飞,87.52,-3.314184710561,0.309,-0.726176,230.90420854400003,314.045092832,2.6383022,3.5882666
000852.SH,301109.SZ,2025/9/23,军信股份,14.19,-0.281096275474,0.03,-0.00598,29.137151580900003,111.9734094798,2.05335811,7.89100842
000852.SH,688062.SH,2025/9/23,迈威生物,50.31,-7.620271759089,0.14300000000000002,-0.772704,102.717927,201.03876,2.0417,3.996
000852.SH,301500.SZ,2025/9/23,飞南资源,16,-1.356350184957,0.034,-0.032701,22.45903168,90.07057424,1.40368948,5.62941089
000852.SH,301381.SZ,2025/9/23,赛维时代,24.38,-2.24538893344,0.034,-0.054135,47.61565156,98.36310916,1.953062,4.034582
000852.SH,688105.SH,2025/9/23,诺唯赞,21.68,-2.342342342342,0.048,-0.079726,86.2288491392,86.2288491392,3.97734544,3.97734544
000852.SH,301268.SZ,2025/9/23,铭利达,22.39,-1.36563876652,0.048,-0.046482,40.389836865599996,89.6488556106,1.80392304,4.00396854
000852.SH,301238.SZ,2025/9/23,瑞泰新材,20.98,-2.099860009333,0.053,-0.078917,153.85332634,153.85332634,7.333333,7.333333
000852.SH,301175.SZ,2025/9/23,中科环保,5.22,-0.381679389313,0.051000000000000004,-0.013803,32.462136,76.832136,6.2188,14.7188
000852.SH,688262.SH,2025/9/23,国芯科技,31,0.064557779212,0.086,0.003937,104.15997303,104.15997303,3.35999913,3.35999913
000852.SH,301215.SZ,2025/9/23,中汽股份,6.97,1.751824817518,0.032,0.039751,92.17128,92.27583,13.224,13.239
000852.SH,301293.SZ,2025/9/23,三博脑科,57.49,-1.38936535163,0.109,-0.107387,92.5276783308,118.4219188263,1.60945692,2.05986987
000852.SH,603219.SH,2025/9/23,富佳股份,20.79,-2.348520432128,0.027,-0.044964,116.71506,116.71506,5.614,5.614
000852.SH,301262.SZ,2025/9/23,海看股份,24.37,-1.336032388664,0.015,-0.014211,29.7497730304,101.6229,1.22075392,4.17
000852.SH,688400.SH,2025/9/23,凌云光,52.26,-2.536367027229,0.105,-0.188846,240.9064406658,240.9064406658,4.60976733,4.60976733
000852.SH,301571.SZ,2025/9/23,国科天成,44.52,-1.613259668508,0.034999999999999996,-0.040039,53.053143948,79.8804142416,1.1916699,1.79425908
000852.SH,688326.SH,2025/9/23,经纬恒润,119.43,-1.264880952381,0.08800000000000001,-0.078929,107.5349881683,143.267081472,0.90040181,1.1995904
000852.SH,688362.SH,2025/9/23,甬矽电子,35.99,1.724137931034,0.11299999999999999,0.138152,101.00522599700001,147.732842497,2.8064803,4.1048303
000852.SH,688192.SH,2025/9/23,迪哲医药,70.24,-1.014656144307,0.132,-0.094973,287.7930076064,322.6916167456,4.09728086,4.59412894
000852.SH,688190.SH,2025/9/23,云路股份,107.56,-1.582944459694,0.065,-0.07296,129.072,129.072,1.2,1.2
000852.SH,301363.SZ,2025/9/23,美好医疗,24.48,-4.225352112676,0.051000000000000004,-0.152806,38.2508342784,139.259664864,1.56253408,5.6887118
000852.SH,688279.SH,2025/9/23,峰岹科技,247,-2.344522199818,0.11900000000000001,-0.197837,137.96983551,281.3808686,0.55858233,1.1391938
000852.SH,688107.SH,2025/9/23,安路科技,31.18,-0.446998722861,0.064,-0.020286,124.9848326306,124.9848326306,4.00849367,4.00849367
000852.SH,688048.SH,2025/9/23,长光华芯,75.36,-4.848484848485,0.105,-0.360996,80.0398130448,132.8445650448,1.06209943,1.76279943
000852.SH,688332.SH,2025/9/23,中科蓝讯,151,7.995994850522,0.073,0.413907,66.91467001,182.103282,0.44314351,1.205982
000852.SH,603132.SH,2025/9/23,金徽股份,13.78,-0.791936645068,0.018000000000000002,-0.010108,134.7684,134.7684,9.78,9.78
000852.SH,001258.SZ,2025/9/23,立新能源,7.06,-1.120448179272,0.025,-0.019863,65.8931745304,65.8933333804,9.33331084,9.33333334
000852.SH,688331.SH,2025/9/23,荣昌生物,103.27,-0.318532818533,0.201,-0.0454,167.5285926144,582.0382325461,1.62223872,5.63608243
000852.SH,688209.SH,2025/9/23,英集芯,20.35,-0.828460038986,0.045,-0.026436,60.8402674055,87.3689409175,2.98969373,4.29331405
000852.SH,688337.SH,2025/9/23,普源精电,37.18,-4.470709146968,0.038,-0.120467,25.325455927199997,72.167878354,0.68115804,1.9410403
000852.SH,688409.SH,2025/9/23,富创精密,65,0.107808409056,0.133,0.010167,115.18879255,199.03700115,1.77213527,3.06210771
000852.SH,688150.SH,2025/9/23,莱特光电,25,-3.362968689602,0.066,-0.157389,100.60939625,100.60939625,4.02437585,4.02437585
000852.SH,301205.SZ,2025/9/23,联特科技,104.74,-4.512717658857,0.07200000000000001,-0.230397,71.179502472,135.8938656,0.6795828,1.29744
000852.SH,001311.SZ,2025/9/23,多利科技,26.35,5.823293172691,0.026,0.107362,20.7760972815,81.819209509,0.78846669,3.10509334
000852.SH,301551.SZ,2025/9/23,无线传媒,46.77,0.927924039707,0.025,0.01645,17.7175708857,187.084677,0.37882341,4.0001
000852.SH,001308.SZ,2025/9/23,康冠科技,23.59,-1.503131524008,0.027999999999999997,-0.029844,57.0565750965,165.7516627879,2.41867635,7.02635281
000852.SH,001323.SZ,2025/9/23,慕思股份,27.7,-0.823487289653,0.033,-0.01927,24.845502258000003,120.517371628,0.89694954,4.35080764
000852.SH,301327.SZ,2025/9/23,华宝新能,66.79,-4.009772923254,0.043,-0.122263,50.949653472399994,116.4693076724,0.76283356,1.74381356
000852.SH,688206.SH,2025/9/23,概伦电子,45.14,16.791720569211,0.077,0.916838,196.4392828442,196.4392828442,4.35177853,4.35177853
000852.SH,688522.SH,2025/9/23,纳睿雷达,42.32,-3.2021957914,0.074,-0.16803,51.2113647112,128.2277404592,1.21009841,3.02995606
000852.SH,688380.SH,2025/9/23,中微半导,33.88,-1.882421083116,0.049,-0.065406,57.279222,135.643662,1.69065,4.00365
000852.SH,688322.SH,2025/9/23,奥比中光,89.1,-2.739875559437,0.21,-0.407997,260.34652908,357.37995744,2.9219588,4.0109984
000852.SH,688252.SH,2025/9/23,天德钰,27.45,-1.009736747205,0.045,-0.03222,50.0521886325,112.2763581045,1.82339485,4.09021341
000852.SH,688270.SH,2025/9/23,臻镭科技,63.6,4.656903077176,0.15,0.495331,136.1368176,136.1368176,2.140516,2.140516
000852.SH,688348.SH,2025/9/23,昱能科技,52.99,-0.8049419693,0.038,-0.02169,82.8114128065,82.8114128065,1.56277435,1.56277435
000852.SH,688503.SH,2025/9/23,聚和材料,62.34,-3.498452012384,0.108,-0.267921,112.62645564540001,150.8837730462,1.80664831,2.42033643
000852.SH,301377.SZ,2025/9/23,鼎泰高科,80.8,-2.966254353309,0.058,-0.121995,57.387392,331.28,0.71024,4.1
000852.SH,301376.SZ,2025/9/23,致欧科技,20.3,-1.456310679612,0.038,-0.039241,39.293161921999996,81.684860425,1.93562374,4.02388475
000852.SH,688351.SH,2025/9/23,微电生理,22.02,-1.78412132025,0.042,-0.053135,27.494145796199998,103.62612,1.24859881,4.706
000852.SH,001301.SZ,2025/9/23,尚太科技,65.89,-1.140285071268,0.11800000000000001,-0.095412,106.3816946775,171.842668415,1.61453475,2.6080235
000852.SH,001339.SZ,2025/9/23,智微智能,57.8,-2.873466644261,0.061,-0.124292,68.926053206,145.71698478,1.19249227,2.5210551
000852.SH,603057.SH,2025/9/23,紫燕食品,19.4,-3.912828132739,0.027,-0.074914,13.20401345,80.2216675,0.68061925,4.1351375
000852.SH,301095.SZ,2025/9/23,广立微,95.01,5.029847446385,0.11299999999999999,0.403033,165.7965686835,190.2870617088,1.74504335,2.00281088
000852.SH,301316.SZ,2025/9/23,慧博云通,54.44,-4.891684136967,0.193,-0.669457,132.1947482332,219.9376,2.42826503,4.04
000852.SH,301325.SZ,2025/9/23,曼恩斯特,65.59,-3.586652947229,0.054,-0.137338,37.97313373,94.379195694,0.578947,1.4389266
000852.SH,301558.SZ,2025/9/23,三态股份,8.55,-2.840909090909,0.027999999999999997,-0.056406,18.7485919335,67.4467795665,2.19281777,7.88851223
000852.SH,301526.SZ,2025/9/23,国际复材,6.54,-2.678571428571,0.109,-0.207032,91.8472971642,246.6154243392,14.04392923,37.70878048
000852.SH,688652.SH,2025/9/23,京仪装备,87.09,6.427960405719,0.078,0.355529,103.698063,146.3112,1.1907,1.68
000852.SH,301371.SZ,2025/9/23,敷尔佳,24.52,-2.115768463074,0.026,-0.039008,19.01020888,127.5295008,0.775294,5.20104
000852.SH,001376.SZ,2025/9/23,百通能源,12.57,3.371710526316,0.034999999999999996,0.083681,26.8687285941,57.93513,2.13752813,4.609
000852.SH,601022.SH,2025/9/23,宁波远洋,11.16,7.722007722008,0.031,0.169746,27.747480074400002,146.0434800744,2.48633334,13.08633334
000852.SH,001337.SZ,2025/9/23,四川黄金,28,-0.990099009901,0.05,-0.035104,80.76768,117.6,2.88456,4.2
000852.SH,688403.SH,2025/9/23,汇成股份,15.72,3.217334208798,0.101,0.230422,132.0826732896,132.0826732896,8.40220568,8.40220568
000852.SH,688439.SH,2025/9/23,振华风光,57.2,-0.331068130336,0.074,-0.017372,114.4,114.4,2,2
000852.SH,001287.SZ,2025/9/23,中电港,21.71,-5.895101863893,0.08499999999999999,-0.355318,94.9583455158,164.9743110587,4.37394498,7.59900097
000852.SH,301511.SZ,2025/9/23,德福科技,37.23,-1.220482886707,0.14400000000000002,-0.124624,139.4433086373,234.6688806,3.74545551,6.30322
000852.SH,301510.SZ,2025/9/23,固高科技,33.77,-1.401459854015,0.086,-0.085465,94.27208210200001,135.083377,2.7915926,4.0001
000852.SH,301589.SZ,2025/9/23,诺瓦星云,175.33,0.822311673376,0.08099999999999999,0.047231,60.427414368,162.0890784,0.3446496,0.92448
000852.SH,688432.SH,2025/9/23,有研硅,13.03,6.454248366013,0.058,0.265449,66.13580523739999,162.5650238574,5.07565658,12.47621058
000852.SH,301487.SZ,2025/9/23,盟固利,28.75,2.095170454545,0.068,0.101026,78.42827615,132.139725925,2.72794004,4.59616438
000852.SH,688372.SH,2025/9/23,伟测科技,85.63,3.793939393939,0.107,0.28786,88.4198536579,127.5403438827,1.03258033,1.48943529
000852.SH,301291.SZ,2025/9/23,明阳电气,47.32,5.03884572697,0.087,0.310855,76.48660710600001,147.73304,1.61636955,3.122
000852.SH,688498.SH,2025/9/23,源杰科技,388.18,-0.73645987828,0.22399999999999998,-0.116978,233.48744016779997,333.6318827868,0.60149271,0.85947726
000852.SH,688549.SH,2025/9/23,中巨芯,9.71,1.040582726327,0.065,0.047962,57.2228749,143.4434996,5.89319,14.77276
000852.SH,688709.SH,2025/9/23,成都华微,46.29,-1.990260427694,0.104,-0.146774,100.87620998790001,294.7964883354,2.17922251,6.36847026
000852.SH,688141.SH,2025/9/23,杰华特,51.4,0.78431372549,0.122,0.067851,135.668355024,229.69632,2.63946216,4.4688
000852.SH,301508.SZ,2025/9/23,中机认检,32.09,-0.742344571605,0.03,-0.015792,18.88060076,72.55074068,0.588364,2.260852
000852.SH,603193.SH,2025/9/23,润本股份,29.35,2.838121934128,0.03,0.060375,30.329208159,118.748137659,1.03336314,4.04593314
000852.SH,688352.SH,2025/9/23,颀中科技,12.62,1.610305958132,0.073,0.083356,46.1741977226,150.0565057456,3.65881123,11.89037288
000852.SH,301565.SZ,2025/9/23,中仑新材,24.31,-2.837729816147,0.023,-0.046281,31.119231,97.242431,1.2801,4.0001
000852.SH,301606.SZ,2025/9/23,绿联科技,65.98,-1.961367013373,0.031,-0.043115,144.5069606782,273.7574899988,2.19016309,4.14909806
000852.SH,603162.SH,2025/9/23,海通发展,8.94,1.131221719457,0.03,0.024064,24.8134559784,82.7757843432,2.77555436,9.25903628
000852.SH,603119.SH,2025/9/23,浙江荣泰,107.21,-3.405712226327,0.173,-0.417793,218.5791937243,389.967959015,2.03879483,3.6374215
000852.SH,301602.SZ,2025/9/23,超研股份,24.38,-2.323717948718,0.018000000000000002,-0.029659,14.2266866712,104.4267657444,0.58353924,4.28329638
000852.SH,301626.SZ,2025/9/23,苏州天脉,139.66,-4.733969986357,0.044000000000000004,-0.147702,36.3507048,161.558688,0.26028,1.1568
000852.SH,688443.SH,2025/9/23,智翔金泰,32.93,-2.545131695768,0.06,-0.108285,38.422724,120.747724,1.1668,3.6668
000852.SH,301631.SZ,2025/9/23,壹连科技,88.54,-0.639658848614,0.021,-0.009525,17.0290318954,80.938469132,0.19233151,0.9141458
000852.SH,688484.SH,2025/9/23,南芯科技,50.15,1.538773030978,0.182,0.198588,147.0475456675,213.4900098665,2.93215445,4.25702911
000852.SH,688523.SH,2025/9/23,航天环宇,22.5,-2.555218709398,0.027,-0.048921,21.716085825,91.548,0.96515937,4.0688
000852.SH,688146.SH,2025/9/23,中船特气,43.46,2.815235391531,0.08499999999999999,0.169684,63.004327933199995,230.082353069,1.44970842,5.29411765
000852.SH,601096.SH,2025/9/23,宏盛华源,4.23,-0.936768149883,0.059000000000000004,-0.039191,69.4979076843,113.1590602224,16.42976541,26.75155088
000852.SH,301556.SZ,2025/9/23,托普云农,93.9,-2.451693330563,0.034,-0.059109,18.173859537000002,80.07792,0.19354483,0.8528
000852.SH,688433.SH,2025/9/23,华曙高科,56.8,-5.647840531561,0.046,-0.184224,114.79525376,235.2478784,2.0210432,4.141688
000852.SH,301592.SZ,2025/9/23,六九一二,131.6,-1.922790281711,0.04,-0.054538,23.03,92.12,0.175,0.7
000852.SH,688515.SH,2025/9/23,裕太微,116.29,0,0.054,0,57.93498026,93.032,0.498194,0.8
000852.SH,688629.SH,2025/9/23,华丰科技,103.8,-3.621169916435,0.216,-0.554638,188.69080278599998,478.510558578,1.81783047,4.60992831
000852.SH,301522.SZ,2025/9/23,上大股份,32.4,-2.935889754344,0.034,-0.070782,24.096960216,120.484800108,0.74373334,3.71866667
000852.SH,301611.SZ,2025/9/23,珂玛科技,57.59,4.861616897305,0.044000000000000004,0.151684,84.4169700192,251.0924,1.46582688,4.36
000852.SH,688717.SH,2025/9/23,艾罗能源,75.33,-1.102796376526,0.055,-0.04301,73.1752132221,120.528,0.97139537,1.6
000852.SH,603194.SH,2025/9/23,中力股份,43.99,2.540792540793,0.027,0.048645,22.635107288,176.3999,0.5145512,4.01
000852.SH,001356.SZ,2025/9/23,富岭股份,15.73,1.614987080103,0.033,0.037791,19.69875765,92.700036,1.252305,5.8932
000852.SH,603395.SH,2025/9/23,红四方,34,-1.04772991851,0.037,-0.027489,18.22280728,88.4,0.53596492,2.6
000852.SH,301622.SZ,2025/9/23,英思特,79.95,-2.90259897984,0.039,-0.080271,23.171884515,92.68753806,0.2898297,1.1593188
000852.SH,301458.SZ,2025/9/23,钧崴电子,37.28,-0.507072324526,0.039,-0.014023,24.0647306048,99.41334576,0.64551316,2.666667
000852.SH,601033.SH,2025/9/23,永兴股份,15.67,-0.444726810673,0.053,-0.016714,37.608,141.03,2.4,9
000852.SH,688347.SH,2025/9/23,华虹公司,81.9,-3.260099220411,0.39899999999999997,-0.922382,333.94725,1419.83450973,4.0775,17.3361967
000852.SH,688548.SH,2025/9/23,广钢气体,11.56,-0.687285223368,0.108,-0.052634,79.9037606312,152.5224690276,6.91209002,13.19398521
000852.SH,601083.SH,2025/9/23,锦江航运,11.65,0.691443388073,0.039,0.019122,22.61498,150.76498,1.9412,12.9412
